id,y,x1,x2,x3,x4,x5,x6,x7,x8,x9,x10
0,1,0.9700608158137142,0.24694395033998628,0.07636043374512291,0.5007445485516583,0.10532478735155648,0.47080460469987984,0.20894021813600683,0.48302584708490537,0.27272500404097977,0.033882058864989295
1,1,0.5918942653030478,0.6084084005771254,0.39901728050249263,0.4032547002452166,0.40161411439508454,0.3772042684088025,0.129975646638403,0.8626940044222259,0.13673227578550518,0.8185952470336032
2,1,0.014345195798606158,0.3641764674467096,0.8226563878920337,0.252059293085936,0.829372331576743,0.505931192282363,0.35109872470323944,0.07111041807279939,0.1690725447899626,0.8135085879831223
3,1,0.7059388193500226,0.44997565419984975,0.20175073054075177,0.7170748456605927,0.42751825725817727,0.24379326086801356,0.3661117508416002,0.1429599540543679,0.05899482434319692,0.7847774633940953
4,1,0.8493555879701126,0.9332914321349373,0.27072520490989294,0.9762161562633213,0.34203232339134004,0.565347288355264,0.2236039150225021,0.04617739634665541,0.3444290858613228,0.008045065790010297
5,1,0.8181783045498984,0.12343112735876627,0.295278484041648,0.8149411797149256,0.09454370298412273,0.1911379832393434,0.5437080604589737,0.22302278439967793,0.9209654544621709,0.3451379381244758
6,1,0.93097178672912,0.7610119693500731,0.40644675931457186,0.16376446839858905,0.48018097845487717,0.3474722811550216,0.22075472475611035,0.42786287765551756,0.835888056838377,0.06672284414590757
7,0,0.11263811158904691,0.3211165932144988,0.09660060103091217,0.3492289104613646,0.18274576640188966,0.32029146085973703,0.9353571299723921,0.792161416440808,0.11576770907424239,0.6342718685790283
8,0,0.9365149846977036,0.13346256460500527,0.8477795531768693,0.05216758693985779,0.5991836757615091,0.8663453694363272,0.1711405236967679,0.15537112938385889,0.3952534178999937,0.22416982958428922
9,0,0.1396659540626699,0.5960904044949437,0.9775068372775715,0.10610267610788049,0.6610893413507652,0.9577158656940705,0.865270775166168,0.17154409774048673,0.9737440088590059,0.4184101555950035
10,0,0.44320207563301495,0.22085839579992617,0.5715257282089262,0.5392333737497952,0.4729285717821361,0.3083877560818128,0.89141106131215,0.5059816341111678,0.8146451992662529,0.1371178682207006
11,1,0.9457941499736331,0.2310011517990429,0.6941246353097452,0.3799422478873725,0.4043075138262503,0.28941397218557907,0.6427688287000942,0.32900985377237923,0.0883469121581536,0.15884722321558276
12,1,0.9107656679916936,0.12826028665417089,0.8205181089333963,0.3016424554480811,0.467911966126917,0.32848738261923827,0.8717864608098118,0.7784046224502358,0.43376234692766946,0.27637961362100205
13,1,0.9155613057930048,0.4084590856693159,0.6240358812230467,0.43983040057267364,0.7514777589942955,0.9612626195232815,0.9741956574434577,0.4350428933116458,0.4007805898129433,0.2930815050064064
14,0,0.7335034370460839,0.9999716130364183,0.3312732050542777,0.003539478238303584,0.5615781898101567,0.7312958408468264,0.21369152091719046,0.10721988445775199,0.8570080418273807,0.9707141507272922
15,0,0.4608033757566379,0.3744763135491008,0.499601979898733,0.808149851593185,0.9201213252714814,0.8702116786041986,0.10920760178930755,0.4187570067046468,0.7563347642237351,0.032251727563902044
16,0,0.40696386598539513,0.47986891504123963,0.032877978587137036,0.4032659793129947,0.9634324971594355,0.1882529981226061,0.3615645614823626,0.3596543174171357,0.5809460936875428,0.42586235209977075
17,1,0.7163932731424115,0.30284468084807536,0.9803560169085718,0.5362262978397674,0.9426614714316549,0.16723559223629048,0.13137119735166547,0.35414823692971975,0.25394823200939876,0.35033601212509646
18,0,0.3389351660188561,0.5061433221052973,0.7447246664225343,0.5555274927198555,0.19950751846569592,0.23111070668201272,0.545903293055176,0.5665120671775307,0.06600800213502012,0.7828235158367782
19,1,0.942850373139028,0.7290267924781859,0.6559695944802517,0.026679470432789842,0.2509104288942142,0.501444854119447,0.47873310766431276,0.02114798226051806,0.7200197938917108,0.3215040045681793
20,1,0.9661037314790872,0.7442758239851933,0.5428396917599808,0.9316574464221706,0.7224952541711086,0.7198601758191958,0.7086262040035467,0.13535843083545473,0.4845394556597935,0.242648797209421
21,1,0.2953785210723888,0.49172407978944954,0.24752626685049495,0.061211380181508845,0.9182474564879703,0.3473613635924305,0.06784925330744829,0.5126818182993318,0.4385972762719974,0.9006261699327545
22,0,0.4994280112945221,0.4311086902300123,0.2962267339086555,0.28526758503690475,0.787432334034439,0.8156997099755816,0.7572498376397776,0.6876075658200734,0.5295015611102468,0.06484184092881384
23,0,0.8049096435050737,0.5794036021773311,0.787874404379447,0.6648734412346591,0.7501452763094938,0.3238212406774078,0.9799619958096473,0.5408423735656875,0.013137307116092067,0.21831455896482432
24,1,0.40380677476793003,0.6966062698048251,0.2627505589263297,0.738730487396476,0.7602563343471704,0.4364153658506271,0.6386005782083791,0.5467916760964259,0.459115055158807,0.030293721870726542
25,0,0.829834178114046,0.6690541349404923,0.10532786941625216,0.8208169523569427,0.7292079498192229,0.7078998877441599,0.8769523389561297,0.8811520699712964,0.2872436736371804,0.08405827078291783
26,0,0.8175407263374648,0.3118510736909157,0.38040226080979334,0.5853983018050463,0.7282831605152975,0.8796336478231618,0.11674963462555643,0.9278919380050713,0.6326593991107733,0.5531203498405821
27,0,0.149379565035047,0.5901303269996672,0.6586629196637794,0.37795611015756136,0.03973117907524559,0.2932367160439644,0.32752261475459643,0.3038864905923945,0.8601671166365481,0.9311216623647824
28,0,0.7736617750871516,0.9269374476187909,0.7705751028360108,0.4500005629855479,0.06534383348106432,0.17284985118778884,0.9646645487336227,0.8277358922634519,0.4682280898613933,0.4116102483852295
29,0,0.4747547814996128,0.6580900069513663,0.4981541759577556,0.8670361093485955,0.33173133478529515,0.8150138840550494,0.160986807892751,0.7038917490625956,0.9121924562970886,0.35233590939805426
30,0,0.7484605855888089,0.5364459403993301,0.07689171230888892,0.9598481502717928,0.5901886978814782,0.14743899525272008,0.1993864594805489,0.8498036429013577,0.9408891358940066,0.247532517790506
31,0,0.7118682845994344,0.7822526020467406,0.8542118545398836,0.1364155651186224,0.7024497745041863,0.012165264728316028,0.21035461844884495,0.4442134535640131,0.8768311434325046,0.17310185979684345
32,1,0.014916880143513223,0.8284073008440682,0.9304827087112668,0.9381579917998045,0.4512101916975819,0.7658558981098962,0.3651391725025577,0.8439968207125061,0.653547045845367,0.2255234874027653
33,1,0.11626811089680511,0.9551858528207372,0.1819513690519059,0.5224248740292288,0.060992545507045026,0.9642985930318881,0.8338988766150416,0.19269986221656765,0.3609348937306779,0.5612825037981766
34,0,0.21422705565145872,0.7482904755193184,0.7175783825832661,0.6460091205806231,0.712843736322438,0.5791367626352065,0.37949830097743686,0.4064590843810353,0.8415342764195247,0.9120539549657309
35,1,0.656482919075837,0.73488760675121,0.27768231532080756,0.09566479086389224,0.6381354250450193,0.3829050176641412,0.7449375272490395,0.7951535809008013,0.8418483131781641,0.01997437304298244
36,0,0.6546383859939953,0.8329335622408225,0.23843838276718732,0.5234364756617006,0.6614258402627264,0.5818057323120944,0.8795778938695914,0.3073381589442937,0.02957408345608059,0.8145557751834955
37,1,0.8840292481437758,0.5628291373007723,0.5478769691800858,0.07654069070388014,0.5209913755841882,0.09036793275866628,0.6427286316604995,0.03557697571810292,0.9640825763869796,0.8926488974542801
38,0,0.1450726004237335,0.8609016878676943,0.21208296182940345,0.3680936045984339,0.510754333044943,0.2983717761558836,0.12136874226852223,0.1156441238335264,0.7766161631668859,0.5490323593419816
39,1,0.40888053700186155,0.8906213805283866,0.6171375781486981,0.11570783035020782,0.40144426838820846,0.6741986700715165,0.7906256232500439,0.2626094529742523,0.8236328794796357,0.16058300362116718
40,0,0.6152714365268903,0.136398047571463,0.9361211956533254,0.8611265927090846,0.5598561073418683,0.8515877445867773,0.18263974824530782,0.879762249282332,0.7959677420664654,0.8157244640617762
41,0,0.7570221617654883,0.9720069074130966,0.3841755089369697,0.5497516913136725,0.4854948452808494,0.48688079938078577,0.48141706779928795,0.24524480967434026,0.6769972017764309,0.19432360882353927
42,1,0.03343183045022091,0.17803120934526473,0.1358904286240944,0.34986451725912826,0.6004544617085187,0.7474523811801269,0.08033332731574039,0.10019348932843497,0.992334843079448,0.3794481793187444
43,0,0.8512064344199813,0.2592867199169028,0.21650745429645124,0.6682795414440831,0.3759887450359267,0.470757290842007,0.920372600758098,0.2809585871650988,0.9948659398696373,0.2983051613888513
44,0,0.3699169116720856,0.18164387523651881,0.5405332797574485,0.23848914602815618,0.7152734357085927,0.26958859281664116,0.6507631644959138,0.6853524149764846,0.14547849640306387,0.8541362456556745
45,0,0.5206574359273295,0.06817509617887663,0.5091518267991677,0.1513218883901264,0.01371957302883664,0.5280348947708892,0.0837240399549688,0.5572488996784523,0.029588225054193895,0.8059565199604241
46,0,0.38573512715594516,0.9528684827554814,0.5833405456695022,0.03204129119731425,0.9821845115422432,0.8276107130969234,0.4094923416993821,0.4130595687459715,0.07968105253370539,0.9780774040508731
47,0,0.9073793283986369,0.8654551522854388,0.16324449066183078,0.19640085482620462,0.35432078550791934,0.6779932245802988,0.7431335068067739,0.4575874964975616,0.868737458683953,0.7731234318279283
48,1,0.8280544710380646,0.37411956086037934,0.721181765286098,0.24697954864492566,0.03361963406946156,0.17397836022706303,0.9451255693208667,0.8178187103055156,0.46507435456628676,0.680837867597175
49,0,0.46405606592676907,0.8514849123412537,0.36774896376527444,0.46198728265603795,0.8025251786981471,0.910485069892476,0.6166658065928348,0.4308161500987615,0.8860489324266414,0.08976706514061805
50,0,0.9698625687144585,0.7259372875772696,0.33178361813222945,0.8894249935803392,0.567256756454795,0.6383564546389476,0.7454941558527398,0.9292982039378017,0.9431252049643457,0.5779201239249793
51,0,0.10411801465885262,0.5150369847159216,0.517455835316478,0.975563117634458,0.1781350962217133,0.9820099710628144,0.2046398482880899,0.05055462968028568,0.04177980814151494,0.2191491601815757
52,1,0.4404939682247896,0.13464633267676518,0.4539424631615503,0.40489004322625,0.5976982275316405,0.6214312394324855,0.10906690232746219,0.48749547265693416,0.020066366610540842,0.6001988525927957
53,1,0.8701850813236817,0.8260199035560979,0.010427978917355696,0.6701147770842866,0.3060027610973667,0.7216197619236888,0.9865484096195548,0.33715765622891636,0.21528370048141077,0.17194032566666628
54,1,0.8815044041073384,0.8924085235820767,0.9935177785020998,0.029258845623123753,0.7910665331061537,0.30666401601148263,0.19310977046511102,0.3601221467431621,0.17285449004980102,0.6735270706214557
55,1,0.7793955470109456,0.42527415204308383,0.7021931191471475,0.4295217586788962,0.6311383643818173,0.13342146213134665,0.6121896912003918,0.9151698762460125,0.31885231471393527,0.12257681196161463
56,0,0.9287534177116786,0.6428728012662152,0.2009997335803525,0.3671661251856947,0.16952076053763443,0.028976164731877363,0.4106715727871346,0.10999038882824763,0.9831743739007313,0.7560430445420342
57,1,0.38888369816636725,0.5107474480558927,0.4097484328261377,0.4992408533207282,0.8505047765151353,0.5785324789256294,0.5165561007233882,0.9600817213120348,0.6367628214790313,0.4171544535520554
58,0,0.043192902643830355,0.682557401760171,0.2918442779792225,0.4077696939110872,0.2722321404309197,0.09274983908221002,0.5168725384110275,0.9395679526226711,0.5254633354649322,0.9970436544046962
59,1,0.5430403536134902,0.7953284935137006,0.2984478650099749,0.45526116941703565,0.9919240848343217,0.11432706127609671,0.9883363133901277,0.4338384362290434,0.455870213825602,0.6381703841234717
60,1,0.6936933173507116,0.8929298935839248,0.9480787420728627,0.413295056099899,0.09895712494457776,0.7094843686953289,0.5712728477135233,0.4712690991606756,0.5078479265294604,0.4518286813523069
61,1,0.4002323364271685,0.9334462683131887,0.876830492376381,0.5382002580928855,0.6210707128347952,0.7548660474674858,0.7737686090463892,0.8437436014720299,0.5544729374621608,0.8966860274267853
62,1,0.8611025449830421,0.4387130193287915,0.08299359075307244,0.13657504803948817,0.05757354879773113,0.6003451038673219,0.40644719851719513,0.9437923068001728,0.4565327693435173,0.621122903815246
63,0,0.581985561191662,0.8324300233326736,0.12736588437304852,0.15503443124008442,0.16016196300515306,0.657822141965114,0.15027848002086253,0.4095386181091112,0.7058124102269188,0.611757454185886
64,1,0.5920609058625201,0.8221457685872124,0.29014517115265137,0.19396365622874812,0.6959725322159399,0.45915256161073204,0.906114141658981,0.8850908121671227,0.2612564979857489,0.08344033876251422
65,1,0.09524337722110698,0.005420189129832109,0.74193642350979,0.16868652705687637,0.2721742389934516,0.34361593497248544,0.19587637698140037,0.9538656471098877,0.15808083979860799,0.19909095135927335
66,0,0.4056496769143938,0.16113286142734107,0.15620204698513107,0.40316533320208836,0.970610629165236,0.20974718157506056,0.5412832638508286,0.14628627382661197,0.46744560757379505,0.34468763492726273
67,0,0.7938297066608788,0.19760604730550713,0.23301716960343066,0.01805410087372694,0.32134089215086836,0.981471349744359,0.719361331067297,0.17260955155637836,0.0545187081168349,0.8607789535970334
68,0,0.2167138772110666,0.8400904214165738,0.2395689084355348,0.43892674448714697,0.5729256079040571,0.4521460117821581,0.890253077842481,0.21592915873324225,0.8187868293315448,0.08176271688919823
69,0,0.11018502802290542,0.04735558948118168,0.30156371611045785,0.965066994144289,0.06570062229248208,0.20721478096337076,0.29080629723649054,0.26419664267365317,0.6555918005896979,0.8921632798073418
70,1,0.8643723345742036,0.5247606442738832,0.5323926714536472,0.5165818850593491,0.701137824717919,0.32376965805889246,0.6232870979545764,0.3872194428176886,0.7024951307281101,0.9543244380299561
71,1,0.26617547035978384,0.41742690540268246,0.5191227932326462,0.8656081318226215,0.858701146423199,0.7485355901915759,0.3120210891845828,0.20456002525905292,0.03656044042130424,0.819282748875429
72,0,0.7339311145344511,0.5874819019758144,0.9592873072643028,0.8816319214700268,0.4866303769556536,0.5993645473364303,0.9551254589256506,0.7044807032442273,0.7983593976274909,0.06744738401251738
73,0,0.5533104290607783,0.29385823253398224,0.9151374035035671,0.4943643993048803,0.9216260298079079,0.4966648923222722,0.31865900068557795,0.4223509106652066,0.5214798811711204,0.43686791586338836
74,0,0.8045768794912441,0.26789683667654407,0.0034038612996694084,0.8554377048565422,0.23150539741064158,0.28035522575665095,0.16063151283655563,0.7676803110777826,0.48839085169784324,0.3174679005889879
75,1,0.6755354832012984,0.9116790322369283,0.5504520291460437,0.11192009228824829,0.9419880030811342,0.7273656066087132,0.06400866843010766,0.4184441788086233,0.5204194835032859,0.358053513744072
76,1,0.45472532182817793,0.9045143176439715,0.44873201597918067,0.8931501137585092,0.8237493343372938,0.47824857622676653,0.9512258343781023,0.5873716843471235,0.8772542883087971,0.9865712700406233
77,0,0.32729725968823586,0.1852733253476696,0.6796957787694099,0.6878970948808417,0.9072089514560072,0.524648833323822,0.7931125915891377,0.5121074533897881,0.7799440302231306,0.42998100517683024
78,0,0.3469620415620541,0.17965050731347543,0.017297762523020732,0.46341809037042403,0.8909197527593754,0.7795477507109023,0.6114474829918732,0.27386425664634007,0.7773115022626681,0.2732122498193086
79,0,0.028949309939787726,0.8147265273249606,0.7527982175696033,0.2054081879166183,0.5980141585148931,0.9398294037707041,0.6486874753556126,0.11567890575154494,0.9293470444300819,0.16065785298807655
80,1,0.7099299118923845,0.9510011434263155,0.1613073663863791,0.7945272871451058,0.9223134778453503,0.13494402932531302,0.7904592750759588,0.6346359661234746,0.5123930349348269,0.5507605467489763
81,0,0.9618794330698472,0.5402314018602651,0.20857867147920306,0.0981476851970221,0.3294396695428683,0.5395595509772863,0.9027109845486772,0.02701679135150492,0.8916685060732781,0.404638709114588
82,1,0.01116412907761033,0.10100297190017316,0.9328885208394609,0.458331644993612,0.11490647593772618,0.913336408690056,0.2761762680109525,0.4245021291875337,0.12049229738900369,0.7404174681310965
83,0,0.22497157533634915,0.3894963217793941,0.6737741940065721,0.6231957111604935,0.4151135957886417,0.09912037405423901,0.21312865623589705,0.34232150748176915,0.24323018996501544,0.45350123900567163
84,0,0.9026382958746155,0.06453006936300554,0.26625114229059466,0.04159111246614,0.8296093696645155,0.8984048904087161,0.7463531427408002,0.4779909123922682,0.4812617962842761,0.7794777124796204
85,1,0.17916732197632623,0.061483306060334364,0.09336863693161779,0.2436406735906651,0.3394694497636309,0.6450126418659875,0.11079939406151951,0.1576391967618257,0.4369361360850198,0.6298977026929761
86,1,0.2743222734049705,0.9678733221443208,0.8032903615666924,0.6237579673723823,0.9187249085254817,0.7193177595885754,0.7580884523196169,0.4273745770810744,0.44887318124700093,0.4867379927181935
87,1,0.9701277316266907,0.23208918497016107,0.48002388361012305,0.8834805496841057,0.5604134519889119,0.17661808222342135,0.4587557592295156,0.437731367848322,0.4218260761472956,0.14960778552558007
88,1,0.29605653176564206,0.08888636473851041,0.5201228155873959,0.16143104537838326,0.11330931221243179,0.680672242193504,0.7580891027213429,0.21304980177833444,0.3071056906625572,0.7193350620332413
89,0,0.0848257827395974,0.9721183224128732,0.8061503570164097,0.12020750637870492,0.4288307604455891,0.5600143783418242,0.07148995723549145,0.017431523155219564,0.7664775020739563,0.14538166605651537
90,1,0.7618790378686469,0.10533579264298087,0.5721677260853408,0.6945845549112838,0.17976837269338375,0.026018108034773224,0.7923158969942173,0.2660940806192731,0.610616998799648,0.30039215283155163
91,0,0.09467485184910773,0.5921738171133142,0.7353317274920157,0.6190033080061559,0.8440762930914558,0.11309150132764623,0.11317605289266686,0.5647732377794933,0.8557159289281872,0.8344456353222843
92,0,0.7078405745664721,0.5777354011364789,0.5474281290192663,0.6302596748036184,0.7976494769982576,0.6242907020497832,0.6999494991054467,0.4256658578004979,0.3390295408955438,0.5824149326362879
93,1,0.9430573362146951,0.2109626612242742,0.2861104482993352,0.698889255261436,0.2831536648163685,0.8265684179943187,0.43875621965269296,0.27634417914925813,0.1679843167553713,0.7593871654729832
94,1,0.14657393641961192,0.6998236611347335,0.19875755401214668,0.16459393425115443,0.2767484224953355,0.9700577602988693,0.12722971970056962,0.6330605517909187,0.055496618566690525,0.41113995435922124
95,0,0.6005546353083161,0.45538560056817157,0.1396586988263543,0.4893092382698102,0.8875289833642726,0.1235132433087881,0.5939630986128036,0.7584813809368384,0.2337902267653742,0.2760447330769582
96,1,0.6995041536995783,0.9554993855887991,0.38760045240018015,0.6863223965049957,0.046911008047805236,0.9053985781028375,0.8641239740842479,0.9160204535834361,0.1636798851207394,0.14268862460800336
97,1,0.6992891810158067,0.47721090814282774,0.7007967965383717,0.6093769095106876,0.5631083915133966,0.29274553165967654,0.7530138550915029,0.013340679002887823,0.9303401973109694,0.6833288541333932
98,0,0.900744314902016,0.6786191163243435,0.29304595713909076,0.49922689291872635,0.11777746981940396,0.27222116442016653,0.983798480746915,0.023335105554305735,0.959534789019374,0.5283939907870275
99,1,0.3184221710877798,0.7803692160880888,0.11310274096393147,0.2843470786690757,0.42308157353886144,0.12478933110564472,0.9615297619611917,0.8702100962076514,0.10113582968117929,0.8248403963743394
100,1,0.5256044291648907,0.5791836641256147,0.916448896428494,0.19023937886765985,0.5997793259102702,0.7213676232206874,0.1128628561999181,0.8263833091553795,0.14686103806820072,0.4998926787202852
101,0,0.7742838178043345,0.33815986234052453,0.8438099671451994,0.13445366022027494,0.47339836852903894,0.469370517977843,0.9864137841430535,0.2566949942768725,0.3045244590557842,0.5176295194092011
102,0,0.8655325273189884,0.48914548438476113,0.3182543644962995,0.5713146327838703,0.47350249832498437,0.3181494607999026,0.42746336502960647,0.0299794077890857,0.3492754142176876,0.7411317135266101
103,1,0.7138291581351609,0.7019470347057128,0.3235513021363968,0.9373841053685367,0.640755635992006,0.4451232520647853,0.6454885264857159,0.8231952651816914,0.04561274293210871,0.7406915794216079
104,0,0.3243650785361314,0.8253927965483201,0.7420994398296674,0.103053440909738,0.23382654392956492,0.15001536651457115,0.11480061743103509,0.17535178463529844,0.08547841703330017,0.4599350986969587
105,1,0.6954047893433043,0.5739245683847741,0.05875903884270517,0.41713583498065854,0.6433674659422731,0.5573827820090055,0.4022512651938477,0.3620628427854521,0.6006409002138838,0.23023519041825524
106,1,0.4584522421790128,0.44865254129748866,0.9846878451091141,0.9216632564376149,0.13648739093020767,0.5351460901086097,0.9749859340490181,0.6851535450458689,0.7662093282904916,0.272907981684695
107,0,0.6699223810791228,0.11585685904783927,0.8153775001121862,0.7870629330261939,0.7157200913378758,0.8214685882358588,0.6462903993314262,0.9552113341423318,0.21256692233076524,0.9705651063883134
108,0,0.14953470277061953,0.1628399665465975,0.2843765575536161,0.426858570942352,0.35098031973132504,0.5315274621519641,0.44712750749317254,0.47160695867296054,0.1154596265521255,0.18947681569093366
109,0,0.1489153688374708,0.2934784208507696,0.2110459905399883,0.3504973435613393,0.3273622931125474,0.34110905047012197,0.5386986678012138,0.9315950893777311,0.13106375391104763,0.7556185671217244
110,1,0.23115085016764547,0.21004203483514794,0.7508124001302113,0.12774525911195955,0.2785089477357531,0.05295830592121542,0.5906981756326771,0.9020538677234402,0.7638339948098866,0.050510714084561203
111,0,0.38089102826771615,0.8779043951809893,0.7725563282921232,0.5381236569342142,0.9982322805719333,0.4421545533251142,0.34135265939201964,0.2923255381720372,0.913031155273171,0.5412650279388688
112,1,0.15107594073428499,0.4523344129293385,0.42659965377953435,0.7248600560653893,0.5921376945969444,0.11560093930346593,0.8555152700559081,0.8357211455319371,0.4207517891486805,0.33230608870867795
113,0,0.3410398113173104,0.12215638247212135,0.07714654388506537,0.8135096125056531,0.2052262354045562,0.6512808884442041,0.5314462614316904,0.6420230746815565,0.03234310098669946,0.7068072776019337
114,0,0.35841011468929274,0.3221708171865162,0.2010684599939625,0.518375478929353,0.45086112925806354,0.32496914843419344,0.2707778008797672,0.8478315103925315,0.06138620522696314,0.6495125716518505
115,1,0.35299494440521384,0.6751635179157031,0.007305952576980412,0.21493938207809404,0.2697843968601181,0.3954864464984411,0.9328326715045032,0.27794681968281176,0.8100548040848563,0.6337665489144789
116,1,0.7763407943997268,0.9366939179893892,0.6621284342356107,0.7408584362289592,0.7599055061391984,0.9593652827818843,0.6807777249510191,0.06435394579210396,0.7512352479315944,0.9821582240117613
117,0,0.7202704078062782,0.8273987959968366,0.11384680559618221,0.7082709849361027,0.8546417204577076,0.02239496316918199,0.8283558564591951,0.0055788423790034125,0.060970572320791505,0.14364634550739153
118,1,0.6368686328640918,0.04147026147213562,0.7754372953458946,0.6542300722112167,0.6498162158139895,0.2367331273908262,0.9918732474037404,0.6523119331871715,0.7013614279465205,0.17512264111080222
119,0,0.8550873289547327,0.26859927566370334,0.5096709688681109,0.49425595183523385,0.2972689706760192,0.8077492725002048,0.37381483313190345,0.44238322779449957,0.2797293585112105,0.6912546573414423
120,0,0.3784371871725223,0.9885639547915219,0.40503465433300423,0.5093690030784458,0.128775851044168,0.9338956344781064,0.02677237958977341,0.19544501516015944,0.9406564790959417,0.29952051460413265
121,0,0.2298769094943811,0.15312737056347658,0.20132344877144126,0.008993183991914733,0.02455139028598685,0.44433191890469903,0.07209033522553632,0.5053264378490797,0.6636913254822197,0.22580690010299453
122,0,0.3001625322764607,0.24273416806230508,0.8763186877206509,0.1856292725576586,0.38386130207810654,0.28906439647606685,0.4360268516598931,0.7951146380649188,0.737563980715526,0.35143756159771566
123,0,0.5554924066946599,0.3403830877645794,0.21986919341678257,0.17171004488700403,0.12503428349875267,0.42702353977761887,0.10270927209995817,0.4245334229089893,0.42792669943779615,0.9695671378505772
124,0,0.2573804116731083,0.3241424414526852,0.7834820665294242,0.47692576251488794,0.9059789218772272,0.37926452057181437,0.12775037335147077,0.19704137058479,0.2548151027104679,0.8506153410741984
125,0,0.18421640337727774,0.8004922000625487,0.9335883485628271,0.7559400501195118,0.17527301698312803,0.57102890450517,0.499699152454011,0.6371067045455856,0.1407068142803296,0.13824626908269566
126,0,0.7218341698224067,0.07517881806378557,0.7201387250125858,0.7605016003432588,0.568125654529839,0.08891692085387293,0.5749301248667013,0.9562508756522867,0.18478163298404993,0.6836560989397507
127,0,0.984919131576898,0.196033318289475,0.12985350696646603,0.9547679189113019,0.9969602645706009,0.6796269881224264,0.544493422209309,0.5993362894955145,0.17124470891790466,0.6697172141732185
128,0,0.4233299529308111,0.16785218376445066,0.052362896574136064,0.03573831828538232,0.4560207210105691,0.573876454089454,0.12309139063406582,0.4305997745155701,0.5587232762086032,0.10021275215124947
129,1,0.46731831532171675,0.49119123343253157,0.9328528139739444,0.513684176433221,0.8944960943039375,0.37307417323295744,0.3627612163785454,0.45559308615244165,0.7344138512539605,0.789789532444314
130,0,0.13723759233809474,0.5882222949123197,0.5837039958249085,0.7753543779335466,0.6245805014165557,0.5671822730096462,0.583755409028518,0.03218021126661608,0.5115362282684557,0.2614079126721358
131,1,0.4744190120362898,0.42779687066798466,0.8101523352586875,0.09225131041061652,0.0020279640153014755,0.8065205545217868,0.4350735116836999,0.7880106081117829,0.17229727239691017,0.8664698616659942
132,1,0.3388363784661991,0.5727331990949317,0.843194438244189,0.9490590947841435,0.2778635195916741,0.09020529284950973,0.939093399526976,0.009517114048246955,0.6108851515899593,0.7743512790650223
133,0,0.1750296833372863,0.8371492616076541,0.5816217651223771,0.2986921777195971,0.04305769512247437,0.37061612265528066,0.3549819596310876,0.20430654245132296,0.43746525635743594,0.22274616094268762
134,1,0.3326894315510065,0.9108382487206421,0.9211890493140444,0.7069952284627403,0.3772894150380297,0.8505001844004196,0.2919344846871723,0.45849118522394916,0.378141806400654,0.15053208401658924
135,1,0.32248702061128354,0.7134544651509996,0.060030994662879866,0.6227917655184447,0.8827926706227919,0.6059808217349728,0.06513081537868848,0.36437858000097456,0.0570468634480672,0.549138280378353
136,0,0.4757928351573636,0.5225346409076712,0.9870745351084093,0.07279428403148736,0.31431709868954383,0.0860477619337312,0.6653270574345722,0.26593164663120117,0.7429533787825443,0.8457325764706443
137,1,0.7160671682193945,0.41568713018920156,0.3542503749524881,0.7931278441913029,0.1398095164831371,0.26283930538332156,0.8588062425917147,0.3418474197579955,0.18773609062218477,0.34413318567153717
138,0,0.7393155328771688,0.2879185451492331,0.5024516441304459,0.1274075147132112,0.14650613031864212,0.40457882035210535,0.3022077154962559,0.3178056547627941,0.5910436082367876,0.5170253660374563
139,0,0.7761431757835696,0.8416830975552955,0.05136798915202723,0.8422006454435275,0.47283059935721694,0.3601915353119316,0.38660848082223087,0.7667528743291901,0.6777429569805385,0.1710468113492719
140,0,0.6980522236237005,0.5260844709978354,0.10160788485465855,0.6525890297066408,0.24508150155612263,0.12118221835635501,0.9792362401284587,0.3872910948337862,0.3116537488116434,0.7079123619528808
141,0,0.17158247764975676,0.5016676602203128,0.4603544912216152,0.867255983800037,0.13620321935383362,0.8759604375883203,0.5169640604023654,0.7327065910792453,0.6356812002828154,0.7989035375990581
142,0,0.14858721960741805,0.7640504406610062,0.5059070847778578,0.9614312080475839,0.01316842635154325,0.1278369368773128,0.3100896721045353,0.9013010597245579,0.04177824595633217,0.6101905263036137
143,0,0.4877242805572546,0.9745619581222665,0.6779983564785214,0.3093044656042685,0.8633738642698163,0.5167113564240539,0.08336900851232598,0.4936726041200912,0.5522059654098301,0.6282957140230431
144,1,0.5659098337017447,0.5775437570128611,0.6042453773155767,0.10550545431733849,0.06274403863786959,0.640167162827171,0.1775224012468195,0.22571566356635375,0.4930095752840179,0.1719811085643188
145,0,0.8218757043108215,0.46735873245254844,0.9235563175482726,0.9899473949393485,0.4492585558931701,0.9193744930669746,0.4928561405433164,0.3150737818416197,0.5786471212007727,0.49495843743890133
146,0,0.9077203197204402,0.04483491589136568,0.8513682770544891,0.09771643933348684,0.14886503985011845,0.2730042235421746,0.02675044950754979,0.21661865169528294,0.35867703675383633,0.5501043130706825
147,0,0.0932969272559262,0.9987077188407592,0.821898546943877,0.703345028653062,0.20835706072722082,0.7062315917513997,0.5730201201279601,0.1315195385477813,0.48231604969285324,0.7880063984009317
148,1,0.5454663147368517,0.7157755741561653,0.20965477557282897,0.339274790968045,0.6277341764887995,0.4723457744784484,0.9048674042546215,0.10783395732862033,0.6806429381533674,0.4218725658956003
149,0,0.8828820072404752,0.9474128541702737,0.1638913965248069,0.11415938470300557,0.7727809464461431,0.49599056113057804,0.11488233294138817,0.194952384870545,0.46964706316578697,0.2916651204162195
150,1,0.7303348505833395,0.8718139148437408,0.8951162033651815,0.6869010842022845,0.6913153272211042,0.005382404746448133,0.3954859696617039,0.2542356125966099,0.9585447719678005,0.8933666290443729
151,1,0.5018275457780402,0.5134446807356134,0.5353567434330236,0.7512745229837268,0.5189826762841557,0.2964642984923038,0.015597988297934684,0.6266762560854414,0.5958873083524568,0.8081928383818374
152,0,0.5140001732407377,0.0435645369612111,0.27291386091687564,0.2818600109339753,0.5447596100177355,0.6724769515024975,0.9963280035164657,0.6737013502294447,0.23250835240269263,0.1355481907679913
153,1,0.8698325736773764,0.6415579480425918,0.049742375440863684,0.5711536810129242,0.6431360186438956,0.7253216597127773,0.979412390334855,0.741121347008984,0.6532449134255713,0.6517359912147114
154,1,0.3985856143805382,0.5108425732889099,0.5491657649536437,0.7643423769953314,0.15059521792292507,0.7426230515138739,0.6448597573859391,0.8270988297612876,0.4340241811140554,0.1447922754530575
155,0,0.078900489032107,0.7575462076915197,0.2346966484930625,0.4135106907459867,0.4723015755957676,0.26484587249063785,0.6834731142013672,0.6839749020856968,0.17151502671379915,0.048491822450445254
156,1,0.6797482201298508,0.23722688276051518,0.8669625292996312,0.8047506300676663,0.6786832376881671,0.5654567481655519,0.06400345463499613,0.7969126276317925,0.9441763965848423,0.9559935642980396
157,1,0.602494030071754,0.6430861219358058,0.6699756915437876,0.5234994777554641,0.1352602533334184,0.16454213265069295,0.10591679542666688,0.9051937349849479,0.4524645638445317,0.9949130641189654
158,0,0.5680358499254313,0.8950603527781671,0.5005265945257585,0.7033589241108885,0.21867427713753373,0.1631011089228832,0.7427816254025688,0.2510496027393232,0.7433657521140411,0.5234875482648358
159,1,0.7378642871401694,0.3012498930463835,0.5673340662485392,0.4708977113622508,0.15245832860351438,0.0920707275638405,0.06288379732642246,0.9219222257218671,0.9909805248171883,0.3915117903948836
160,0,0.20688923681128535,0.01679062551197774,0.12347044779074978,0.7431898113346225,0.839383539492954,0.7251134178407986,0.7341851687787614,0.13350804011861517,0.10020837302335439,0.16826950898705395
161,0,0.6826944380637258,0.6293966049848746,0.4492287171641417,0.6330978881404363,0.060211482356151036,0.05213108394980959,0.2522594870757128,0.09196173206821467,0.23761862645263487,0.08582290440870788
162,1,0.499648899149183,0.8803366308800237,0.2686403635006064,0.25228733196868935,0.0393429984369108,0.4973528528531944,0.3109100000116918,0.631040490271506,0.42915354513519577,0.23996914429944094
163,0,0.738445819544998,0.10889357817904977,0.701703413487752,0.5283190883650297,0.38805200258381223,0.2719834046137307,0.26891724062437794,0.8343951677434946,0.15452276245328045,0.07247175361040159
164,1,0.158155095531873,0.18706634990645044,0.8407995082854032,0.3166973105425298,0.5982189064008587,0.771971058727718,0.27912275022926125,0.9172828688947159,0.5348478661836236,0.2999479671771089
165,1,0.5731412122353191,0.21470483654312766,0.9048516002524847,0.9576924721118579,0.0463854640581699,0.24013906700596532,0.8803756617377754,0.5247741101578065,0.7258288827702357,0.9331310321376494
166,0,0.921327407582483,0.5891669808136882,0.577643868493384,0.9263321785908879,0.09546571177707142,0.8368322093869655,0.286612053903042,0.7332056243694718,0.23060235475689206,0.48511000805494686
167,1,0.8523575300019374,0.1067126634500799,0.09127604809165346,0.4418216229814703,0.465018243765874,0.05437182156564835,0.3611786579180071,0.054626322913262304,0.21749160823757996,0.4596701495715857
168,0,0.37057954096072565,0.08435907499440554,0.46891331136445036,0.20821090875632053,0.16676935511895852,0.7332174902020367,0.8668842301193188,0.06931012823313887,0.9139292129942845,0.8584214942885084
169,1,0.9651497310528008,0.4682044431389081,0.30429307754675716,0.24935241342997994,0.3471148085357817,0.15443228053869185,0.6502112559283634,0.14687263947630202,0.07960870974014889,0.4088646065441459
170,1,0.9044785019532018,0.14257805074129626,0.8653263184602502,0.5329117867526653,0.4569863674408845,0.19177166949392244,0.042205756909604375,0.35647440418158727,0.5728814829607062,0.038333832896516484
171,0,0.2421178704224355,0.43277824611601556,0.8625137693736673,0.0020560494942807317,0.14268139044267714,0.10466790086795574,0.936073636078901,0.262410690845974,0.7299697584246272,0.7153411683066522
172,0,0.17479009511360566,0.1592049644412029,0.4448911912424809,0.597465673449039,0.6631546159438368,0.3880475877914973,0.6807759982596407,0.2786613877012528,0.6044172957568282,0.19921871881214515
173,1,0.48577415482984665,0.6577198170906866,0.7238041647822143,0.9836167020850661,0.8279206081264249,0.24798875802137277,0.36620620121810443,0.7710498555456081,0.7506451541260017,0.5422429961078193
174,0,0.8722883082991798,0.24088829159205805,0.58640705889388,0.9048308605931288,0.9806508478502405,0.7186888579786571,0.20337655453648273,0.3487151103156837,0.8221969804973225,0.46635782642309753
175,0,0.5587177905878516,0.38005893465187013,0.5957915290333372,0.8487663757465447,0.13291368221748245,0.8130423345867095,0.5734610137008779,0.957258406604058,0.2418960720242469,0.48644690805623025
176,0,0.3934291392391265,0.03239389853157648,0.17823823373291248,0.99452707638681,0.6321562849483214,0.5943722546747565,0.721774067424689,0.4013791859085184,0.5273239956919804,0.6871252198445128
177,1,0.5215354074917863,0.9440978403367286,0.7959124850091482,0.6813737511936951,0.5630243554155745,0.35157998423127956,0.42470772635043197,0.9259411771334928,0.32291894780692787,0.2689445232958394
178,0,0.8320397477302544,0.1635195779373675,0.3809719253664209,0.12511715108898314,0.3885358856774427,0.30965919626138005,0.6686754850835752,0.34858627096424355,0.145869281565556,0.9777508180477416
179,1,0.18202806409641348,0.7131024434367486,0.5223393169758627,0.5460345047000918,0.2110555587268912,0.2150750075867306,0.850919831121949,0.39201553117905175,0.17367488877370163,0.084358933383194
180,1,0.32635862280515093,0.42282090256709237,0.3046752809143034,0.1664803926985482,0.17045215907728584,0.3329991438467448,0.5168754594496446,0.7307507911770206,0.37299660622641473,0.6722652164443732
181,1,0.8516714419114788,0.17076554287151513,0.5425142490842709,0.620757527090457,0.7942941061151397,0.6307253184274841,0.44707069843365455,0.7776118452426336,0.9852368921402593,0.2824484447029906
182,0,0.04331810542638881,0.2539398807754153,0.7096111513678068,0.854847860174419,0.9078472626288226,0.8096070182195823,0.8911523753590889,0.4607119377076764,0.7742875678477599,0.12360754764646154
183,1,0.3817133176173785,0.6034279939919397,0.8039808281538428,0.27870676251344073,0.4954030032651111,0.6129102631858722,0.369148362564343,0.14221819823357174,0.6354720098817018,0.38327686277062123
184,0,0.793984303567167,0.5576896264727047,0.7508945338355524,0.38106865426949466,0.5634806627380742,0.8403437636714908,0.10481206737545723,0.5320255770481304,0.40216805482107576,0.11513115618942715
185,0,0.22941007233622712,0.35215813524289963,0.6665855929000237,0.4876232614904161,0.6736650105952926,0.7200386810208211,0.6320377156883225,0.6503513107182665,0.36043714252688075,0.6375586760589433
186,0,0.44985898712808425,0.8548364722653202,0.4481624779885576,0.8529867613522768,0.21286677406232724,0.802400315278329,0.11587138842973288,0.2019581069081159,0.34144910176367405,0.2698431788418938
187,0,0.28327929248436523,0.21359040915013117,0.24138879768513655,0.015213658053960688,0.8832901142935177,0.49101362489005485,0.6088328847192958,0.010708485568585724,0.9372611736288564,0.537306046839035
188,0,0.18818256315523452,0.9376783463327475,0.61935339406182,0.6456040155169308,0.6698950960360072,0.16118282914941995,0.277902993601323,0.780192914487689,0.7470501222920686,0.9197725425274903
189,0,0.1316319091986713,0.6408583346495001,0.07799890384250052,0.13540803332752083,0.4849339113810083,0.10900542222475873,0.638110197394818,0.191877633244666,0.6559129900444179,0.38669776701239233
190,0,0.8707652465270374,0.8055061109806188,0.38327061502493665,0.515507381419079,0.8582934724362684,0.8074481359781759,0.20083811555723197,0.5820739455801504,0.40096004043757494,0.5192100680228159
191,1,0.5917392784952307,0.8058427487711862,0.25687160408802845,0.2647889990321811,0.28034265085713184,0.7014027788019659,0.15507119622754417,0.4350152871438445,0.68670240295533,0.7386948066449527
192,0,0.6239023418018906,0.9944183171846553,0.42815290267814443,0.3409169893960936,0.9254652205574072,0.12270395446228677,0.9228087163649267,0.5647099010884796,0.9776150450052946,0.5880085282552522
193,0,0.7375202829837528,0.7636642847627567,0.08294168074043529,0.5638906703549853,0.7010041164199279,0.22046417286076725,0.4934690079499586,0.6772395126081043,0.9122538392505505,0.9169382201379652
194,0,0.6756443303279492,0.931047281094742,0.9546410723641039,0.6983680822361232,0.7715869428142028,0.059893944434668556,0.8143969613040929,0.3224980892098098,0.7461789753719865,0.016482533219958073
195,1,0.9028776452922942,0.7648330177837523,0.49610707259176856,0.7974701802793968,0.8602359875546679,0.912226492036828,0.46312056564892556,0.9925132811443076,0.6842397616957975,0.5337563070587438
196,1,0.022646388556271213,0.3006834558692574,0.1711362509215324,0.3347427855670997,0.39099200659704514,0.6970525788989926,0.5495665568019467,0.8576771524105626,0.6006502110922464,0.8077770502396336
197,0,0.18308107355738756,0.369428881168437,0.9127914872343657,0.7676748115206585,0.8220910401507788,0.46888222435196747,0.12465076819474852,0.5149673335833073,0.21391785928721496,0.8205217474439535
198,1,0.16980835562193086,0.6922323757933623,0.8034317455015196,0.2418322657707197,0.9234369630827686,0.8415992906037872,0.08322977132927833,0.27057098956312164,0.5810335749837495,0.14182384407277215
199,0,0.35846729113171183,0.7268893205534835,0.707131554395999,0.21841284514305281,0.7907662135148449,0.249131479881338,0.6224917832605326,0.46686110715969165,0.3461558284248284,0.6130444199931433
200,1,0.44893933712081024,0.583844228353136,0.42039515121492566,0.20618967044862624,0.6767941476901972,0.02176508420339973,0.43163431129243757,0.7125701472242233,0.8329111869561671,0.10686443295772707
201,1,0.1740786198014893,0.7750197937666308,0.21344980678186953,0.9258861685576008,0.018665977973098546,0.16478650308694864,0.8583270128365271,0.7914736376178433,0.3037512806347942,0.23493778749453587
202,0,0.3550748187507212,0.15502367702070685,0.26435503847137976,0.32691759216301675,0.21644760170502564,0.6972738729384521,0.24861007511637234,0.6587134264046524,0.11947857999250044,0.3767408694013512
203,1,0.2569508317239292,0.9888751364463462,0.3922834936207066,0.9348003225591781,0.4443675218250559,0.9549330887199566,0.6194905501766823,0.7457577000715885,0.809100432216159,0.6986092084186418
204,1,0.49791354274817523,0.06230675446514067,0.028367753536582052,0.9753271452826602,0.35620602888048913,0.7290735065810879,0.731973791294672,0.8530322248820473,0.23259099330876631,0.013688050639456106
205,1,0.7939209121242204,0.969395334312603,0.8821471942761809,0.821983245400423,0.995207628970028,0.5899523281647073,0.46149052406964586,0.8889722321274609,0.09329745770366982,0.18224998358410172
206,0,0.977071228664469,0.33680167148428475,0.39054389585890914,0.9912654609419644,0.3219467326188704,0.248803620475342,0.11458436657093363,0.19343198158766461,0.7672502024971319,0.8339760668412651
207,1,0.7855271089233513,0.9306502937828675,0.9383231273842387,0.430418146177838,0.2541421432995127,0.8092624778126024,0.1560968296586408,0.327337822498626,0.7768254444778651,0.8794486540597243
208,0,0.5597665449604059,0.23788259680017354,0.2287502152159746,0.7651399125061614,0.9770205129773899,0.392357816490407,0.1718198936153511,0.6123380194559376,0.7113468640953116,0.9970696010774904
209,1,0.4999060273011292,0.8194590646176031,0.6132999909027463,0.6047369379574082,0.5379684155645418,0.1912929902017806,0.4880694931896451,0.45252993651753126,0.08026813685050205,0.7136528298529011
210,1,0.6425704786316538,0.5278523283417246,0.13698194035730948,0.06241952063819589,0.5060543761516931,0.7276627661076782,0.283426169430269,0.06951975856781845,0.5432993314439278,0.8750328829057642
211,1,0.2044287843525988,0.4958004798128879,0.7508608167452869,0.4918639643933441,0.8973930619748187,0.31129592352748114,0.8010778386422404,0.6988749636407089,0.2851419903764395,0.9780423791343844
212,1,0.506664960986522,0.6024775894726945,0.24175319353244018,0.13590176105345053,0.41577022902826244,0.7304239912848607,0.14818034200414065,0.33398137586486865,0.7863785956062918,0.23770216073567652
213,0,0.8112100681095341,0.48555349104059575,0.6014436534926351,0.37697254159389704,0.01839301442099639,0.3065916698956823,0.4540379059975448,0.518169423984298,0.9359711515483926,0.7072224996152555
214,0,0.3146789912105835,0.43498478236536287,0.11535041585157269,0.2604944807710945,0.974427779946553,0.6249927656287438,0.5673275790572319,8.884970610848475E-4,0.9169663326648025,0.5227555015915826
215,1,0.89119207916764,0.02006812581861117,0.23141033914959186,0.9990718607786777,0.09557115030797991,0.07620016155396026,0.9135879408816064,0.3608176194394206,0.9987264171097651,0.7631723819523974
216,0,0.7294189161372383,0.07644018524089835,0.09516410224268079,0.6363486397454305,0.8461418353470815,0.07033530138133581,0.23989820907237536,0.3855931168679013,0.20076444309850083,0.3990692449804386
217,1,0.5208730242774646,0.510313622896028,0.7165352278737293,0.36684482293569964,0.8156179592741337,0.4596563360213213,0.49366361764320643,0.5917134483849652,0.28722742666341583,0.19812482542696608
218,1,0.1472078687314995,0.5909261919723116,0.738665884313853,0.9367279742718455,0.4392387786104941,0.9343441967048842,0.940272373716461,0.679569948752314,0.31063347863251667,0.715591714600093
219,0,0.5842876325766909,0.3260256295940145,0.009346631050801468,0.5046651455161296,0.8611025999428952,0.13599876338647943,0.5669713506981929,0.8611225829326361,0.16822216629124875,0.8197990494535686
220,1,0.5427763147977412,0.9127829487441693,0.841705362791805,0.07691114348092132,0.33876326576089943,0.5128881214434242,0.10500959418525058,0.5683423624442838,0.8507796628262064,0.6018328523520355
221,1,0.6432696557264997,0.6938811007629098,0.7995782202496544,0.9771154197720724,0.5843293402078606,0.25416624089623496,0.9974551050995072,0.1734325005359567,0.5333077879142314,0.7554198709125808
222,1,0.5829390485628037,0.8880916210503533,0.4193620532152442,0.584791973514936,0.18384199093259224,0.5841818330469144,0.8029137306170679,0.7351652231658063,0.3894210203995445,0.8770812045943989
223,1,0.784610808635356,0.9817992957568484,0.5879229708642522,0.2505603132396381,0.7370047231254945,0.4902458243098071,0.42843991585236396,0.2045628328256217,0.6136217701982399,0.9238894886129612
224,1,0.15546713764665876,0.25382698310008434,0.8269063419371424,0.5158652313420443,0.23231878279919593,0.28028855120692175,0.28699487843863525,0.821531892612972,0.2497299602687042,0.8032087200406157
225,1,0.985207362310119,0.15356426261951905,0.47477221129966163,0.09163114581812659,0.43148263509040985,0.6030475717955971,0.40407887669701037,0.3332878519091452,0.9682488082093236,0.9129382490265481
226,1,0.04754649876455064,0.8763063401085416,0.793921618062735,0.9514715120044633,0.03530082274043422,0.6551517721665995,0.7317202061044508,0.1131236735175335,0.12576899572577138,0.8990847786204641
227,1,0.5536526451216028,0.6825236882603779,0.7850488517442206,0.6907956993365328,0.3444128776854283,0.2088834201483396,0.9267504647037007,0.2499979144304555,0.8463003254024356,0.8927333150682522
228,1,0.618264075351546,0.19527944378608642,0.10986146242788464,0.2808685178667478,0.1507831099065884,0.06506756875802744,0.1653297887719568,0.0798054222054384,0.04552376890044685,0.4847550824787762
229,1,0.7155671707394813,0.21992341267593252,0.5040472714745843,0.05609285472054382,0.04593635451021416,0.19292408435073605,0.9360925112035092,0.77303230821737,0.34776172628904456,0.15900729691859883
230,0,0.7585575829440419,0.48704098333973855,0.19832729187281906,0.923999997269564,0.22061579327997882,0.5080270849043298,0.7804472722464257,0.7445525679856585,0.8868818048936301,0.8987796138655172
231,0,0.2529474662380955,0.602750910197935,0.9881294925131269,0.45694857395424104,0.14663609568425529,0.052275380492884604,0.9135914402496832,0.8119461601783666,0.8740678444416735,0.14900101380835462
232,0,0.20254491250405016,0.7311296971095271,0.6096791256824865,0.050379318769839476,0.45200079611676713,0.5078087340914899,0.5355935732258946,0.993903086371841,0.7385151377040055,0.654605651438473
233,1,0.6336187140669161,0.5175999313775874,0.45235506011850757,0.5440160500114188,0.33349452937920365,0.08091912855681438,0.02046744041937054,0.5726501772317965,0.688648564438163,0.7772084750906194
234,0,0.9269842082295701,0.5658098842961842,0.9921399511102045,0.8526981955525595,0.9004359479590793,0.7475386246942499,0.5090513049690323,0.6937689966007842,0.29954814512701644,0.024090952667103482
235,1,0.10550215962761089,0.2989549312558605,0.13092775786535293,0.9825521689934209,0.667265306862046,0.1105994584944574,0.6343628497214956,0.7632612821612236,0.16859356700970574,0.9747945920021912
236,0,0.38349487522249315,0.15795397041360515,0.41911295452534914,0.06944738840013998,0.12047138057398554,0.5770187424943811,0.24351304167324384,0.984023698385492,0.13992028484038677,0.5728904724648827
237,1,0.7937394633629102,0.5822476325727035,0.5345244911705762,0.5109002959401343,0.09638211422500942,0.4243449104282536,0.3228841117380704,0.8582178802500698,0.6236326044893009,0.5846080341879297
238,1,0.45127799060821194,0.29180488425968476,0.958715626227708,0.127448652366843,0.2686420524067804,0.07843509039153729,0.3975273679306144,0.47161064928889396,0.9554456078012219,0.9947414743257573
239,0,0.7218637920209805,0.8418760284276152,0.4127643372265296,0.4270771532205193,0.7659359858126862,0.5611132584262594,0.050278395732914816,0.3809870566394695,0.4205399094733008,0.4810320577449615
240,0,0.19465112379161587,0.699289777015701,0.9479092301299756,0.6529822114590422,0.6317615704215683,0.9287344841230557,0.16106364234128767,0.9694895725056597,0.020325872567430237,0.6644516366212142
241,1,0.5438236680152283,0.17955009518773957,0.4895453425153128,0.9630494578932693,0.22661692091933328,0.9637382543267247,0.41861127655578323,0.6855071600735783,0.177863684280402,0.6524052713805994
242,0,0.5353598017802452,0.5999429255631972,0.23185524011720426,0.5409280101823521,0.955010264092888,0.21470429711962624,0.02798631547836039,0.5498454633876266,0.6394892412686738,0.8993238100914613
243,1,0.957408755247804,0.6226902945230132,0.48067703676768436,0.8553683262844068,0.9209777781282119,0.7474788465579251,0.1667453897322303,0.890860930460415,0.9133603261097959,0.28413944146655623
244,0,0.9505666470897356,0.2628448740412034,0.9140295494883234,0.8706366371215585,0.16530421627054992,0.810647437725675,0.14459056294284156,0.7746025014235939,0.15156327466242314,0.8466363890382046
245,0,0.9513728528791436,0.51402406895192,0.20413931536249963,0.7958557628418478,0.9885350786732562,0.8180444030009123,0.8070049012565894,0.8884127926619909,0.7727703561760734,0.6246923534768511
246,1,0.15405549970911903,0.7837724373005355,0.8050805466688001,0.6945148434783311,0.25186008541183513,0.5506512558437745,0.20887816039423712,0.040217349254904056,0.4059991505761227,0.273719848956274
247,1,0.0800956590638362,0.014435524709138003,0.08830134541026002,0.8476235947579629,0.6263747987974794,0.3661621641913142,0.933915631017739,0.8164088821431043,0.8512194289399904,0.38826955374091576
248,0,0.7966865757529438,0.31172978499458026,0.5514674879525197,0.5478035551930759,0.1024366959712244,0.7231734448610648,0.5964522153999193,0.01649173322333075,0.7007519273371635,0.980727850647609
249,0,0.6159366944447667,0.28025220896507397,0.3783585330214767,0.35393121099591096,0.49394337829717483,0.8498971241616787,0.20147337011569622,0.7640797632516435,0.5017194333145382,0.622651830414653
250,0,0.042874063067224966,0.8147126277966495,0.16191145559230613,0.7166188898618565,0.5379501865379303,0.8413203901143316,0.09503478007299215,0.07420776274597751,0.6574830071186851,0.49190023227987756
251,1,0.2967001685994318,0.35597106658336064,0.026716594002791805,0.36638904044952025,0.9548463217810303,0.3323556884123059,0.795909633609806,0.5106871223842665,0.6597721966996724,0.7048177356766206
252,0,0.9129338383529156,0.9650621398202694,0.9373471012839697,0.7469515719071038,0.9714803570732121,0.538669737487863,0.832656867845053,0.5576748469365882,0.9279628508281216,0.5653672493368429
253,0,0.355666731973583,0.9441121887016657,0.6012879697681304,0.1371268482439113,0.9367097835465777,0.6519006947261038,0.2579761399641962,0.6685573409161996,0.9290548420370071,0.6732883728189227
254,0,0.7103573647441654,0.6586176532802239,0.3702721384894515,0.2281904879841674,0.5308240494252898,0.5455450832324296,0.8036788891340115,0.27808821358146374,0.266819315306026,0.6638686423121025
255,1,0.1684479172416805,0.6508174908927117,0.4284598380911989,0.0845646851534404,0.4336945054130168,0.6389814452659307,0.017877591996582565,0.5926788804193128,0.9110946612786391,0.4051845671545714
256,0,0.47097322753020376,0.24572360322709252,0.8249738974091247,0.7057850843735515,0.6736941225116196,0.7436887647905617,0.6872069100750046,0.8783950662672777,0.932201469228877,0.7941711085946631
257,1,0.5813266768755935,0.31386147001262266,0.8599158003347087,0.6177281299296896,0.5803796099208451,0.5652202594949113,0.374197586843533,0.6796824642091069,0.5240920763367247,0.5135843315310049
258,1,0.6190009308512036,0.17751519203421584,0.7608908663035449,0.49484136145661684,0.452363651028024,0.21181026710324324,0.22039966082649776,0.35200792356782296,0.5468762523707847,0.29261731160383064
259,0,0.44261708338353367,0.7939558940537792,0.8031006182698587,0.7916433950662191,0.6302378973964896,0.2298088469022932,0.34778470330440914,0.8919648170088941,0.017029161689282146,0.0664872577936072
260,1,0.20376374540869346,0.16942191450645572,0.39822929015406516,0.7497948480201233,0.8034004268162752,0.7446747178133465,0.03536481229291777,0.9691030944968434,0.9258550302611038,0.06581441516158093
261,1,0.9708647544774884,0.8286000368013736,0.329694022849216,0.981088042324412,0.6765672576470529,0.9338900290184137,0.145535105133334,0.8900724905746196,0.30473725549538544,0.7632910705042285
262,1,0.11690578537751817,0.5735444658157738,0.16081911649190128,0.31594340398532894,0.3346467165806095,0.6173476837302478,0.7641100620011576,0.6795588457518477,0.5365208998722364,0.9559108398867343
263,0,0.8243514172354901,0.9281384188150066,0.4385757997983327,0.5195326172794351,0.14466237423508455,0.10988937485381056,0.34622412515668455,0.6560010679788051,0.490346270480696,0.5178164416480335
264,0,0.0970434516156955,0.37830783549956826,0.6090111171987242,0.11608005215963224,0.35095822576719193,0.05489329843413282,0.14690995416847086,0.24238053795447867,0.16512392928103137,0.2844279261025202
265,1,0.48491991554468517,0.6533050716931351,0.6476869360191632,0.6814164699711563,0.24299119145475878,0.526936031041801,0.015660562044984783,0.9555950410016298,0.7974018213975491,0.2435529016180813
266,0,0.3419127699104305,0.8427119619120815,0.38464509904451627,0.5129962966188318,0.9706122407089542,0.6648022382133909,0.1730965008568699,0.9914631655749477,0.11610693610598322,0.8911149960137208
267,1,0.3424906068194089,0.825164320250762,0.05491399195951285,0.7551584199435962,0.09611166082366829,0.9073127693050035,0.20692960541746852,0.9412277497209277,0.3328192473440208,0.8768689632095487
268,0,0.7411739237217885,0.7261367276459563,0.2243006437766415,0.5254129481389723,0.8151462077013174,0.652800716655419,0.768893138167725,0.14994677671260037,0.2711065168132317,0.34565657058026267
269,0,0.7373453252948053,0.6145658301901769,0.12056660895715787,0.5837656685237915,0.023288184489064778,0.12118987022651873,0.6369705757572283,0.7171166305665346,0.25223824628681457,0.44596689847496873
270,0,0.2811565462778063,0.2653212437612431,0.05640283577617766,0.0653186097693782,0.07593219935798534,0.9868875226060885,0.6754827320603066,0.837835659531637,0.06953541447757272,0.04186434918084625
271,0,0.24519588262128467,0.6402324521884415,0.9246650875555432,0.3910664386862359,0.0895602886472937,0.18929782745920332,0.09786321854983715,0.3049896166394451,0.8065605537943075,0.44917845559564284
272,1,0.10177569862218405,0.5353829015890685,0.9719828245694244,0.026043321730031765,0.3466459032439607,0.8157950171760256,0.44576742871052255,0.5010632198286886,0.6191129022863298,0.04668581802907934
273,0,0.18956480856975177,0.869228879626437,0.10775871009429483,0.6004478565584678,0.576982951993344,0.16667398012488654,0.2536856881402487,0.8999639073976159,0.43250360382125064,0.26988937147231085
274,1,0.5230445928350754,0.5531689146591892,0.8064951893085323,0.5016987733449034,0.17740443196073596,0.074289486904629,0.7099250905824928,0.2701152817425285,0.5076567374265454,0.4219654394455713
275,1,0.9566573724069402,0.4178335451580726,0.5665510821217078,0.7794872216060912,0.13385012575109867,0.5980402697007721,0.8732980670869122,0.6681993914658202,0.4534186729690388,0.6761629193229989
276,0,0.2704160907780109,0.7879797386367942,0.641988913702806,0.36449532014592034,0.6695322966453324,0.43776396351687363,0.0015559590130385104,0.20368990550435606,0.7065445358752596,0.9676296194524943
277,1,0.7735212565188646,0.4899008343780943,0.2980884413142927,0.7238226285344597,0.6636451986709494,0.18042764224466012,0.8472568683712179,0.581251674687922,0.7367555161287871,0.4778207474342744
278,1,0.2600331514987809,0.2143062059769959,0.875196716238918,0.17114152037913977,0.3847877755556467,0.6204077744281382,0.11242019426280359,0.056583934655123236,0.39603163125720686,0.4405423762327315
279,0,0.08697355974706944,0.7702685589778924,0.7054517720336729,0.5375177051996888,0.003232845705862908,0.3983700927997218,0.4773367569583524,0.8227584877210279,0.11113233818472967,0.9108776101794994
280,0,0.3619921352509726,0.8517539694688531,0.1570175340326314,0.37750395238375334,0.18396388247017115,0.8365898478895546,0.10051260377252835,0.2823213317550305,0.7145201104423228,0.28067289003056684
281,1,0.08095489012737289,0.5377793034514645,0.6852703112871282,0.19685784099610015,0.2624094761432777,0.6009948722615942,0.9152877976623957,0.6955413501425456,0.9409259284300093,0.34316340257405464
282,1,0.5167745290287524,0.8759492173506577,0.2756440856328508,0.39149053899342157,0.2960823024922612,0.8411946205694907,0.032156208385752505,0.6428769702685173,0.078938540157654,0.5671445937505849
283,0,0.0057757321053109045,0.9049630688994817,0.4933410439499908,0.2545080316374554,0.19447798066553912,0.17656825493139894,0.9055591520822835,0.8225388314280191,0.8391740314497268,0.4844026698817824
284,1,0.43123458410656756,0.2585679566523863,0.28850273465342646,0.5603146383751377,0.4197165919964816,0.6544544529138521,0.9642640070023165,0.5128211669650901,0.7157062772723001,0.7891913920018071
285,1,0.6682056737053796,0.7263529768365886,0.6780979622157268,0.8779810375121586,0.3443584675175555,0.7425233460425607,0.18220246473407042,0.860330211263799,0.2580416290100729,0.5458130617111064
286,1,0.8199128441029211,0.4447043167179463,0.9959464998590332,0.1968487282735748,0.7927312538198913,0.2803391627341991,0.8859124988318348,0.18763699115631305,0.15416449035845226,0.678584744421169
287,1,0.1493380511776441,0.8601175375966768,0.16332947074679738,0.39637714581231664,0.4183380654045318,0.06972596042785839,0.28136214876281085,0.9974207574658432,0.007290937020594024,0.8295242249068709
288,1,0.7129226280972157,0.7652139306175114,0.2502326534852698,0.6679883281045473,0.2940539104102454,0.9081983946432247,0.3275457716762957,0.004203881513699659,0.3390008824095325,0.07176800832415298
289,1,0.8127408881695363,0.15150910035185994,0.15541573455681368,0.16800609786666376,0.044097789826375244,0.813156062459858,0.6188249004093563,0.1713903592070405,0.5160413539160993,0.013793152256415975
290,0,0.9767985456710508,0.8785128645148027,0.5265712661230763,0.7868325874516771,0.8161253147880579,0.12844992888597673,0.21227409577122736,0.4481992033385357,0.2758376213543621,0.9810054197067987
291,0,0.2544015277315955,0.4013298533274807,0.8943039578723972,0.9199840001338868,0.6077912597970379,0.17549552159672577,0.39504685660367833,0.657292902533405,0.35180300430432654,0.6457335571049796
292,1,0.8530429431473338,0.3748853642868426,0.07381032028480317,0.5194088516360345,0.9140204021476781,0.02104066116341885,0.5623357593376445,0.1527126086882057,0.9474162182395545,0.3987531086434781
293,0,0.9828599947501855,0.3575209095864612,0.10971297149347192,0.8354752045015194,0.07712603555748754,0.6963949305231966,0.25096250087714356,0.9113607736070387,0.12397025889210644,0.5089849824229159
294,1,0.8775874187823305,0.12258512764537322,0.01301812719140738,0.7143858694454099,0.49828722747750875,0.2769404858540845,0.10266582360086274,0.23477369354532673,0.09476615813875289,0.22956482142567314
295,0,0.7140034834847551,0.5317245522750239,0.8891688630380695,0.10404720822877389,0.746514859661419,0.34630071959483966,0.045456552029446096,0.5634986489683176,0.9955019632778972,0.530139137757534
296,0,0.12347875134710329,0.05937130979707794,0.7548376003522582,0.8727886009533702,0.7660624003028967,0.6756956168714869,0.17054686278198816,0.9003822650519729,0.1134503358424892,0.04806568591768989
297,1,0.6238444119842067,0.9478901058491532,0.29792040707716894,0.7543573926891152,0.05589714948580882,0.9662598011991532,0.0016907960281048462,0.7912540190865713,0.7246343829855605,0.8480722316814826
298,0,0.31862948657449963,0.1261910645820299,0.9856556236300827,0.053868049224403025,0.31899645661401155,0.17836948441304046,0.9278411866460251,0.09498294851701727,0.68997738428647,0.34078601149285637
299,1,0.486127534120652,0.23751411567276925,0.5983924169735417,0.08725575795990903,0.5806147675164288,0.8289895181873332,0.20523290308477138,0.8110283007680165,0.3238961805098888,0.7378585738551162
300,0,0.011224695659455941,0.686894294356079,0.28227360578139804,0.5541563706696571,0.4465228788110728,0.19050159044446313,0.945695433655896,0.4073443891660775,0.05926407435373471,0.9217163615598299
301,1,0.6661465888530862,0.14934849411078,0.5307758057741183,0.647073629547778,0.969979061267824,0.9378657087554187,0.39164625099176853,0.0023037906953999876,0.3740172619361971,0.6628695697118299
302,0,0.5078981968719533,0.3407302261233096,0.29224129416749933,0.06527671076490082,0.5532921326913892,0.4085081110698765,0.7610206429510181,0.9129260843353452,0.30706927591099065,0.5037568349635069
303,1,0.6004795349568213,0.7081244607561668,0.876080333472339,0.5605927457505168,0.02650177816146404,0.6050974755256533,0.5314168999282555,0.023503530778075432,0.17156863321765636,0.8636500738236272
304,1,0.4830705862354864,0.6677784120223265,0.029968459205826026,0.8772480101880243,0.8247503719545772,0.4058836472296121,0.5194619189726369,0.5563372969635024,0.7680780616418909,0.5575910475122332
305,1,0.4836191003393945,0.951362585340847,0.6456575161007976,0.9892836753195692,0.23025317748287333,0.10562745250775096,0.23519052993614864,0.9841077120417553,0.1164657507127882,0.10462033705956841
306,0,0.8517519567429048,0.31236712665705124,0.1409998593503079,0.3397352259934474,0.8848074174354854,0.5130024084450552,0.3405282638429665,0.11539761627864309,0.7573814960692504,0.718850352929839
307,0,0.5882857426627757,0.37898386767687353,0.2523940903827193,0.9865719872778075,0.02035111962228664,0.5185364783813449,0.08368633230708655,0.3680002296910042,0.09619685050876947,0.1104027299445367
308,1,0.6647800262943557,0.32305928233363457,0.6311316424557826,0.6781980729053806,0.9941584043161681,0.552730678268582,0.5532850028535489,0.06427367590885169,0.24746964916693914,0.048030282018577286
309,0,0.19746727992329882,0.3177401980783203,0.10038320642991116,0.0044039913530395935,0.815118967654124,0.1434330994606391,0.45238456169345,0.04419561840460029,0.5775403633358367,0.3426376721192331
310,1,0.7359714311154316,0.8631677934053006,0.0932292883184449,0.7798808433816008,0.12240413749216739,0.9928951057399833,0.6868135992656383,0.1578426411255932,0.4087787889441832,0.8274365136202402
311,1,0.7814575553752603,0.3053712896269656,0.6986853840198639,0.8757602411695661,0.7528114861945576,0.5624551992826143,0.45412348571525174,0.2669525960632968,0.09357637883445324,0.3017006712687291
312,0,0.48473787983948047,0.1560158827210768,0.48381164783169295,0.0883606260723061,0.18154768653006004,0.48460950086210974,0.8996777257326183,0.9974500997308072,0.34190954421682684,0.27646212649622615
313,1,0.07538788510627348,0.2875448956015705,0.5410768087019414,0.2696866636031051,0.6952362434551963,0.4271880967707945,0.9674982841743297,0.3144838597882187,0.8268149509845859,0.6974595421668
314,0,0.6553160241507071,0.41971013058955053,0.1674055796214584,0.5687492882140157,0.8538813950288747,0.9363211552382423,0.8655796948774507,0.2275576429913594,0.7290562898202306,0.6222729839213216
315,0,0.7081570228115603,0.41254423720501854,0.395739985867848,0.8189460295185748,0.9201801045936878,0.01667790004897196,0.40680484542113127,0.25434757341069425,0.06468185117519032,0.042705236046807205
316,1,0.9387028307325783,0.4628343584031881,0.8868154687976505,0.023510991846785845,0.15545983208632352,0.9228328990324997,0.8625549854927984,0.7453483341793533,0.03628556871962074,0.7277109334382768
317,0,0.9216763562766701,0.7262380991246979,0.6953962361791377,0.6267591001985954,0.6151521624074248,0.37312827671770765,0.10010441099789114,0.6626940199173178,0.1897496487796465,0.7717471880543146
318,1,0.270456311322388,0.6422912838294395,0.6279557647006195,0.12252227057304865,0.1880409864384135,0.9643693233113014,0.5979102889375624,0.5431468085478574,0.9447860545718595,0.45312750870995355
319,0,0.959734313329804,0.42153495641186733,0.37714642556013744,0.6955635157839597,0.41438638324319066,0.4785875183232974,0.7650804357912862,0.8933468504827878,0.705894759141518,0.08937911927021724
320,1,0.2856564152439446,0.9087421278125086,0.4974869287263284,0.5207603112886269,0.6324956124539726,0.8710310377679167,0.528363649881003,0.7773913642562436,0.1777899114626047,0.8316482330724568
321,0,0.4150176319491654,0.8721733563570613,0.8483772200716648,0.48331181142170565,0.7535373398979843,0.4888649058600213,0.3561051703966014,0.14347805370987243,0.8456152026666541,0.6283643179288557
322,1,0.7878543295300369,0.05397103298718764,0.43067518865096965,0.8445601025660334,0.5151431744682538,0.5315128853600061,0.8904605227398673,0.9670476772768971,0.6231186767273041,0.8510436529080971
323,1,0.2678283163278594,0.8279651142816505,0.18578455508142178,0.31505907259100674,0.02371222358824132,0.4762730191796326,0.7521721447265505,0.2581861569873747,0.4171611721495214,0.46955612829607085
324,1,0.5138874519792557,0.3756415931119623,0.18011671891709158,0.7020399979373759,0.8367544963863679,0.19096326645639228,0.6461889297178448,0.015016961098803017,0.3620022171968481,0.9817410351021976
325,0,0.21391464690390283,0.3562712202144478,0.8127093374186469,0.995259273467371,0.8126451707442109,0.022517167606289412,0.5903905723391434,0.06708307108212819,0.13751825702688936,0.4349349862578663
326,1,0.6788951252402715,0.6177477680913182,0.03572229405103322,0.8170844731265858,0.1989452233857798,0.7373793134280692,0.9777369430029808,0.679894852370268,0.14604448325855324,0.40099502929377184
327,0,0.8493792303444098,0.3350520245854569,0.1691491384492928,0.5229921826524538,0.3697304753179511,0.0715304170848371,0.510301813495001,0.1661431136925151,0.8617712814895742,0.6451057020116443
328,1,0.4786195139739209,0.06531675817724714,0.29932513415775286,0.6843996893131237,0.16031011869414813,0.033886191343227456,0.9093733441616223,0.3286804764567336,0.6000058365155121,0.601074391404079
329,0,0.718575375142771,0.9025370371008927,0.3148617374988235,0.20694395638246033,0.7615769967917432,0.2233885863877122,0.9029224452310509,0.36591681453912617,0.2566783637066653,0.708828076324346
330,1,0.8443590791804294,0.49126551344912106,0.4338933187510787,0.7274333126029083,0.9973682987980171,0.2773053080449178,0.2211576913008304,0.5175759936125672,0.8534461658565419,0.2880811451747266
331,0,0.7312822221060824,0.9993588077892258,0.9566934640034273,0.8586137079647648,0.7495958059758789,0.19583588109835026,0.709216684293436,0.12260594188725549,0.15806004926179484,0.7126521093374011
332,1,0.9430282353996146,0.23059476013963798,0.3575204707063949,0.045145854768855576,0.8185339248376472,0.6350306548445259,0.7657552328800623,0.39968908548293614,0.6047839808590678,0.682994488533364
333,1,0.8215189279060101,0.6833089063859996,0.7051893677962404,0.818189717451798,0.102181267985065,0.14096271078554368,0.6241975038346197,0.37497148413853787,0.8276907841077109,0.40771054627974435
334,0,0.2573311603335594,0.6588208132940321,0.7712506746531536,0.7508322163114661,0.6928027849852721,0.9225856202791707,0.23599108835870541,0.948150481126188,0.5136035224195493,0.34662703208844436
335,1,0.02592198594528572,0.9420992720065247,0.3582275219923824,0.29190602700601775,0.46333325938515113,0.9742692911367049,0.26159734139754887,0.07650993562419195,0.42062162251848323,0.5268017078120174
336,0,0.4168835044517768,0.17045966601482399,0.4085896336294048,0.03969689322491032,0.3378377172533925,0.09892178159415499,0.1687632501493852,0.05701240999318924,0.7329304575249859,0.33917397842006236
337,0,0.9817432654985495,0.18561790303491366,0.751671103622557,0.5492458955382379,0.9817559767850234,0.3736618531805477,0.3882127364014202,0.5249864549771761,0.4116400030752394,0.310934477480465
338,1,0.20315612939542338,0.035431727636630606,0.11306665624002521,0.5520899851649923,0.249674102676813,0.49417357448702226,0.16058541314587949,0.0985743993515491,0.12142760926380436,0.8524104837789203
339,0,0.40499965987538145,0.47888694592566705,0.13589530741365596,0.5176740686909709,0.9005220787446915,0.8057526557443994,0.3359171096641994,0.35295976562907616,0.7202417461379274,0.6760540113336971
340,0,0.8228889838364135,0.13219927021516698,0.5585521582235822,0.1707290353635249,0.5778821752637927,0.6298185969855219,0.4157686265533498,0.7494496789624178,0.9959793725079071,0.9753077270376403
341,1,0.9692189524387561,0.21431942037006235,0.396579268270586,0.9365284946632703,0.3496070325096329,0.41158952294673556,0.6408072371914219,0.5323629699361637,0.8223047838749452,0.009081636747630184
342,0,0.0034864147585349503,0.5208220951189709,0.32548662868010625,0.35363420946999846,0.8618175169603558,0.02055397459364361,0.3388128566025197,0.3407583308733456,0.41252350518069103,0.8417329109693701
343,1,0.11365733210714979,0.6112924630032505,0.2132670368874583,0.12993738608994154,0.3477715192656541,0.8236991813936984,0.38300674633710574,0.07866586459286717,0.1119416919544548,0.4445948567154474
344,1,0.09980510473078241,0.3355081859220762,0.8233546956953283,0.6306540967654991,0.02646481214501517,0.04699029362231155,0.4198988781383255,0.2869269033084372,0.14663407148846674,0.667592681025453
345,0,0.6135517517177822,0.22484148432417705,0.9121006807601785,0.05282116913740853,0.2670087713074585,0.01574468872812751,0.31378072289572423,0.10269416757353611,0.6956372352625144,0.08661763726641525
346,1,0.5403660385708383,0.49396478798523846,0.14047812542215288,0.3040801204056378,0.5142374018764396,0.07443756271929425,0.6557703935287065,0.6513529373765717,0.9552444868864884,0.12127103834421915
347,1,0.22230153034587874,0.95463383110737,0.1641238856323296,0.6449117819516913,0.5062683790036375,0.6656930639861722,0.447619789680731,0.6034641944283535,0.4441753195584056,0.5156862426057212
348,0,0.4214836970051794,0.49448497717860707,0.7177775389832647,0.7507404259296034,0.14226201988749265,0.9245501509014429,0.27168357391501874,0.5775353068990727,0.7592120727203432,0.21854489860707738
349,0,0.5843418596122757,0.845256013914206,0.06929298205467238,0.9851248448496193,0.319915913014975,0.14796143409874507,0.6513115816824577,0.7314732363713992,0.008148339329945187,0.8600613731180833
350,0,0.6663183282593418,0.3510442994464792,0.5278023863730674,0.4054243680774571,0.3748709076470428,0.9147965342329557,0.7010496787199552,0.7864123590367443,0.9863709886556524,0.8818276621383027
351,1,0.7627341356641775,0.813894825102099,0.68171574895135,0.45423055151872316,0.8166955227818914,0.3562044204074658,0.9380777113547989,0.6728558765222709,0.3548362545764119,0.992698951143209
352,1,0.6479879540798668,0.44118673829031274,0.8391676471202928,0.7574285835403778,0.21558002964369782,0.8189238687447865,0.6902837413368375,0.1986205846041117,0.8991941616416997,0.7685987484757412
353,0,0.37812405536634075,0.15628928914917295,0.18496273845292088,0.6921523216284023,0.25420460361783026,0.15972524744430128,0.9113616437191299,0.06285111622491457,0.26536554481319563,0.07623955236715696
354,1,0.3313425262067534,0.9491948333241821,0.051337667038858115,0.5814536922480189,0.11707487499774039,0.34967421691761347,0.8889695560905376,0.6054554804804713,0.9852142608849904,0.5575875036763266
355,1,0.41185036451379664,0.4949913169898449,0.9683980631074041,0.056309834398284964,0.25686435718381295,0.9402872556922062,0.4836049232895041,0.7630165598031845,0.46744753159795494,0.8759262363327311
356,0,0.3831239101537267,0.9295065160439877,0.8551338064332519,0.6808920074133524,0.3056219653794089,0.5056511990805422,0.1916297847245867,0.12332943217404613,0.4304737328719258,0.9734821496063353
357,0,0.3005020874703497,0.8818625616194735,0.1989117617615468,0.012683599934397605,0.6232224450307831,0.5033036210461977,0.5030303252723031,0.27261282233108364,0.20233471447837859,0.9275776603480703
358,1,0.8144906535430645,0.6011176711685378,0.9136376583309881,0.2366543638081644,0.5208725434646839,0.3383858234930983,0.6498491999450218,0.06227883117854638,0.2352207466555245,0.21875973077875044
359,0,0.3345167289192382,0.29885305520366223,0.04798001242378813,0.2831053289278216,0.5759760917086862,0.2020269452826814,0.8688769778846687,0.15752954774284533,4.8058860814514937E-4,0.9967387864027988
360,1,0.8741940473731613,0.5544048321877051,0.2532866014765667,0.20706364500423202,0.3579787519309534,0.10614687080628449,0.34166031686765796,0.33418027364490954,0.08547604472059944,0.8228561946149707
361,0,0.8405069362718464,0.07541877189415991,0.9909640970926771,0.4073871225976169,0.5915725483356127,0.02518649565101705,0.9489043850344757,0.7828394250921866,0.895042713765896,0.3901093056362237
362,0,0.10633111114098137,0.5257884587301749,0.5727882747640725,0.833532157047073,0.7318241739434849,0.5045326765434921,0.03259956902076888,0.20315230583262323,0.6540787579150197,0.8661498244246056
363,1,0.18217841229098009,0.5036577434361094,0.22185627446679335,0.17775900633641584,0.36966210230602736,0.02814772748767569,0.03785702797650914,0.14626402978332975,0.11156327663793086,0.4005898880194151
364,1,0.31495181862407495,0.2958707369228878,0.8395586728753804,0.0897313131397437,0.24970131024173625,0.3124429104742986,0.9742402097768011,0.9012367417985084,0.04560365615875406,0.5725616472612808
365,1,0.7312619721529211,0.5329113171461334,0.7203242455475348,0.4326564761048418,0.5275398840764116,0.710170878835211,0.282659459497725,0.14165108279504468,0.781082787681713,0.41172530781486394
366,1,0.24227039678425855,0.18015115436971363,0.7832195510733319,0.6546534004672698,0.8951337355166211,0.4971552693683251,0.19166659690890808,0.30584825107357383,0.03856661963445662,0.8559791200459523
367,0,0.46077580531184403,0.024361190309065806,0.7386753824182372,0.917240074517122,0.7836094025217792,0.41922517291518635,0.18406993241539982,0.5490426236098035,0.5244005034266497,0.6276737871238888
368,1,0.5900657244398825,0.27945097491746873,0.7336986702981383,0.6245632113175539,0.7211378778240396,0.43508984652676186,0.4705957245161735,0.09624100865213814,0.1984448429816097,0.8435688025207831
369,0,0.48629635673323435,0.026782564846265067,0.07182675961890894,0.7985144642457824,0.6052106575085946,0.4756743372773653,0.2754532858864083,0.3512435747282724,0.8519413762175508,0.6905139313482647
370,1,0.18169157090418175,0.5363182140270383,0.5040529509347828,0.3898727812137952,0.506814649217137,0.6579545684042335,0.6388336507152049,0.2125445310779598,0.577722380596339,0.7450118693068888
371,0,0.06680407295365309,0.14236175158785946,0.09018346257419818,0.960114556602953,0.4030354558903583,0.758573264571845,0.2625667605530977,0.5133442137408715,0.6781748363421632,0.3711265925893926
372,0,0.3954928878221058,0.4289289702173309,0.7884235721306091,0.7658460728903108,0.4815748332698525,0.730720496178398,0.18371004450981498,0.4206474831160114,0.2829542825465897,0.26104273956407675
373,1,0.8695068057471755,0.4320557078159851,0.4528358415490341,0.1273364366952181,0.05758087400149936,0.5717835614992594,0.4145763864316233,0.1810212469721747,0.09564965728292107,0.39387186324517387
374,1,0.8135897172045901,0.31682842236217945,0.6248541651516677,0.4532257326388788,0.4140731937015958,0.6975393698740995,0.1438738535198525,0.19135435740051332,0.2492708823652745,0.8607312477190647
375,0,0.6705875358380223,0.5312855965858767,0.6878492462661359,0.9457264597971795,0.3735469286173132,0.18790850199484344,0.2810993356483926,0.8752114353630823,0.5362773153283779,0.7196065541420518
376,0,0.0787418354973275,0.21805115086390292,0.31278812701822223,0.07622052818332858,0.09557742024562044,0.8888190921491935,0.4886797722100471,0.913049756275545,0.461608882552225,0.5756046790380924
377,1,0.6896488698664958,0.9419335604146748,0.6948873676434214,0.5702928552160724,0.7208718525944067,0.26551785436679987,0.28459096656110616,0.8304983137643479,0.5405347244097367,0.02702516309613956
378,1,0.44837999697817843,0.22355847578860888,0.8724842312359031,0.7700563375630218,0.587318882699496,0.10096574268241942,0.2919480636185292,0.8685442437308343,0.1946561482183845,0.1980331163349398
379,0,0.36844370418794825,0.8426792665585102,0.4114379708993312,0.8056638271175166,0.4796303612443469,0.04077986716647042,0.2562108114056483,0.9903493367038059,0.6733248148545522,0.0015955319556421044
380,0,0.6389254759797703,0.3564969347889444,0.3990664334039119,0.6298159913026665,0.022891743556450184,0.8526523756926154,0.2182650415945181,0.5913048635987822,0.20470579490511776,0.7378049971405427
381,1,0.36378525402345574,0.27280118881749094,0.9852058115390689,0.25889635228079566,0.10055906422443028,0.6108241329337905,0.890612048540069,0.6199220559218648,0.1473700500437145,0.003948631448948636
382,1,0.03348737456073192,0.8886678920422778,0.5303838720685036,0.04348005478249384,0.4132897580662761,0.14839561468414852,0.9275105489357128,0.048012232767620566,0.7356572698656686,0.9799019466179874
383,0,0.08838902632082446,0.9486673149060231,0.1879872350398878,0.8653570982206729,0.644438012846044,0.4965647422417374,0.19643866422182565,0.7883070886030581,0.5970543916760876,0.04614590140794739
384,0,0.6097420648590203,0.07311288119662196,0.30243814915524936,0.7330877996994893,0.6790657085980707,0.45089759272654684,0.9496262769858601,0.40114225267842973,0.7999833090285733,0.051062417216674816
385,1,0.7404026744674085,0.10464800474618619,0.16016868686721253,0.06536417580993525,0.8996019935951887,0.20254782111464797,0.24691212455192546,0.4870249029372603,0.5029317793762834,0.18429283045114309
386,1,0.5659877096209077,0.31133029496836484,0.872505261883076,0.398719117536678,0.6127273615880684,0.7046196275243285,0.7149771917240102,0.546033173162444,0.671705373186078,0.6301512642000576
387,1,0.21602100547248682,0.9238199803795577,0.284406963915928,0.22258746070708113,0.6135321218066502,0.4522616267649745,0.23262716600132904,0.3424484278001473,0.8659834071207145,0.12800241077299657
388,1,0.09817863172469432,0.49244310192822616,0.29875778949844023,0.33163100539754686,0.9669290779853904,0.961159743233694,0.619505899090175,0.0637393954174148,0.9522068699272398,0.176033234992375
389,0,0.8496245334530819,0.9506678817736235,0.22645275107052754,0.3538090614101337,0.07297722770728554,0.24730616225642044,0.9787325978522506,0.8983169463582107,0.23301435821113614,0.48732828817900153
390,0,0.23087181949260638,0.9229450083642097,0.09075546038000859,0.5807995280368261,0.9600147949834843,0.08368908828802979,0.45931685528326804,0.5654918065904789,0.4060805512896889,0.5550270758343071
391,0,0.797459246985908,0.35765038043778363,0.9465600892819953,0.46576400689678576,0.8413427440129863,0.09468108630742689,0.5280916681965225,0.7135845166654826,0.2364420515709882,0.6586259778020956
392,1,0.9750310967876884,0.1975765229695573,0.42051344308039285,0.8847003730842623,0.08921262723407641,0.5043449939285551,0.7149832311459748,0.9203163964673662,0.2820020641495371,0.2218417683837196
393,0,0.20841514856295695,0.2977940045325177,0.8924245282281686,0.751305822433356,0.31943801568570207,0.061705085257904746,0.7637560912389459,0.17589777034773824,0.24316242633519725,0.5892303014077779
394,0,0.5834853047064952,0.7251316431737734,0.282906947821694,0.14028760172698518,0.7224901970909638,0.19233671781510342,0.49196251367498434,0.99079239098082,0.2686904786042452,0.15888824813695346
395,0,0.10462204063449487,0.260017234709944,0.8501885128557249,0.4288809681280574,0.34841152040108836,0.5858919692121015,0.7333233440313196,0.46273563401747375,0.25610582290892625,0.7688340987913965
396,0,0.0956343238815236,0.3952114573314891,0.9457237922547164,0.41464644839879217,0.8564923823845898,0.572913905362696,0.09763509791515046,0.3960364843052049,0.6188829598919139,0.4612421302529568
397,1,0.47183684299980555,0.6974386832561895,0.8644027423660373,0.521030689706454,0.06664529175076916,0.12419905686576005,0.7004558429222277,0.16952696403915224,0.042185576612408515,0.9550110572392541
398,1,0.23752383326158277,0.5763144180812262,0.026246694508483714,0.9560246896922163,0.29318215810588655,0.9867099805805288,0.6290412990669036,0.25645728450494987,0.8137809703032176,0.8970198980145336
399,1,0.835164193672676,0.807567894237445,0.14306373580246812,0.5285344730415692,0.48679371338419375,0.45949202434783565,0.005954176770934461,0.5511992285580243,0.7484883426881822,0.769366565306339
400,0,0.7839645501540486,0.5626478830961229,0.5680853906842991,0.18164574584739024,0.24703582337981667,0.47266542637387676,0.7308210463442049,0.3853130364977698,0.6860947894325454,0.8251331339048436
401,1,0.02185614733627439,0.6426181293051169,0.8274169365355646,0.8369450428675526,0.5402579393413355,0.0972254680878919,0.42743359541595516,0.03290435340768516,0.25400485219946256,0.9934425149557052
402,1,0.5869223771531088,0.14945397251582337,0.6526932710851878,0.014164827469510088,0.4650216710387769,0.8077986380398393,0.9430573381855877,0.911333545792355,0.5064913384706602,0.9437556293247334
403,1,0.42623857669233256,0.3991632153341731,0.6425194358976625,0.6633350444040966,0.707657094154979,0.8396336834496253,0.39232533687399074,0.38225483372838576,0.977630943063257,0.304135645847601
404,1,0.5321232067291678,0.17932234457095264,0.7163886316634888,0.7537471327510903,0.8288615175784626,0.6563146421493566,0.8813609704673288,0.48605438289629266,0.5486673774161869,0.4475742334080618
405,0,0.2230918627695273,0.5644567751046164,0.04133667035422417,0.2395245495054199,0.2876796568485708,0.22781164846872481,0.3404610554298074,0.5976586080100758,0.9902327079716129,0.7854119045885195
406,1,0.8554836610719263,0.15895790539097443,0.4787498236743535,0.16833599664087406,0.4928312053798668,0.9865333983049109,0.802117007784905,0.5266666180774368,0.9095591661021356,0.6024583140795255
407,0,0.9396260113203161,0.8765505229824498,0.6379499647064637,0.3151880593642028,0.02715473125251089,0.029569825658710802,0.19835026287067992,0.28237231610275415,0.8087027407409481,0.07429210452639767
408,0,0.6698568178108242,0.1987870866463447,0.5024253946877385,0.10029363982898343,0.3203725414307369,0.9502638001085221,0.024682308281712473,0.07459082965316455,0.3231854109650918,0.2793414129359687
409,1,0.7660796353393786,0.27891812649591197,0.7596925877209515,0.2840788075494619,0.42500584418665543,0.29503321450821085,0.13744144237459466,0.37393072266333827,0.5674306595415407,0.5969431396866272
410,1,0.45968475089911,0.5505994532610528,0.5466428092424243,0.05365541002042162,0.7703644354249526,0.9027192034714274,0.47197604038647667,0.3685522228003024,0.5307381381955764,0.8596399505784282
411,1,0.4180882749489687,0.5235891133731239,0.25443766935226797,0.5285565376880953,0.5326955866647147,0.728234065765597,0.7911955833294683,0.580283762326961,0.3932879505896735,0.8222330640048866
412,1,0.44306804577311376,0.5751210904775912,0.5727873097528259,0.14824418613866164,0.12339297680350259,0.3292898021315711,0.7913137181493322,0.16231165310911677,0.48857449090647,0.5030316688606777
413,1,0.7445378507523651,0.2652572534515374,0.6547260978989194,0.007148744237618021,0.028992425343885353,0.7595079591614846,0.2567329650039488,0.578803713786181,0.4031663643068183,0.6118608715753332
414,0,0.2184438203607304,0.6841243394890525,0.4726121203246979,0.9029865605731918,0.07528439430829281,0.443719480954864,0.6481525792850664,0.040039574386589116,0.8857836396967,0.27081290141899594
415,0,0.10204565151699307,0.2989044260923982,0.12254109389849832,0.7769067484248916,0.9510454310570932,0.49410703662677036,0.6369994900001286,0.6949219738103891,0.2032912545438884,0.8516097472788726
416,0,0.6322007134768771,0.14818075131408248,0.6127060776289628,0.12398071057312754,0.01855002011846041,0.9361727576896741,0.02524077941118774,0.4588086634302051,0.3801571653005027,0.955812127748301
417,1,0.8708284552085609,0.45351505169940387,0.8083832053930763,0.35281371729243705,0.15789903317474951,0.08217059330509968,0.4176660204521503,0.22992655212729085,0.12337584258112633,0.010652069484517468
418,0,0.2325123871209227,0.4119777612583335,0.5489812533068564,0.5307056790161356,0.8202623013561288,0.11822918675654193,0.8937527730305714,0.690162591159927,0.017472369398206955,0.5209122321635005
419,0,0.15549530446645188,0.1643977986443158,0.22218899221582988,0.28964442501827714,0.6421485276923934,0.7230391805709716,0.751418289523145,0.8788438466648609,0.15077208842395828,0.5162119185474442
420,0,0.24504268479394653,0.9455206257197711,0.11913967303433803,0.029129904516607685,0.3530544960055141,0.4364827522117495,0.8820962363498894,0.18711464762830043,0.3609487022747203,0.49027859155894504
421,0,0.7860115419401609,0.82238754626513,0.8209304102996305,0.28062490856663136,0.3747879713590071,0.8061491358276418,0.29571375379868403,0.3088930143435804,0.5353197799820789,0.5769998749758142
422,0,0.3724957816848309,0.9952153337897216,0.5358855280789588,0.5989497078340071,0.21151756408877898,0.3447914710191593,0.3622838740698373,0.059267023898037396,0.8374690761251539,0.7157860708107084
423,0,0.694729120127602,0.842639115834137,0.9179664366497511,0.4081679837994858,0.9086711359914007,0.49412209959591336,0.7178681220840655,0.8387880536418932,0.989380593501263,0.6468800271704097
424,1,0.46610697950146684,0.8590256306673665,0.1235140577212448,0.04216952214100511,0.28851532215869025,0.9578637289882661,0.9565309173692663,0.7601061558017664,0.8393682854898233,0.6258285358046095
425,1,0.5459105102478475,0.28463351581546514,0.17806215400490688,0.4720600557301874,0.7988565805812603,0.0665361706697698,0.5063348663363305,0.25527237810264425,0.2564291601877392,0.4678601059414902
426,1,0.7983330023999436,0.20327552710238006,0.5370362745963768,0.683574517583391,0.2283917084310071,0.13927521402323484,0.8455013428512518,0.5831614698206804,0.827473646217401,0.4999201230696312
427,0,0.6977603645248632,0.6325140820963545,0.9618574993969937,0.6820183814135984,0.8821679946920195,0.08406898302262311,0.002171067504725288,0.7415345032392276,0.7637973946349144,0.8765204716966255
428,1,0.546677937781115,0.28821096502552446,0.927865196987137,0.22566729821439002,0.9030816274180977,0.9063709124214078,0.6006324230752395,0.19209712117866506,0.9140864232426001,0.6118779136113799
429,1,0.606384859864976,0.6790914530703516,0.2008597989131511,0.5552517988283386,0.324840886428276,0.7287255191705674,0.1843200897703008,0.6962813464929922,0.29600689198185814,0.06357876593548029
430,1,0.027554563075690375,0.7501108438830584,0.8654385280209672,0.9097102512778956,0.673367901906132,0.38381782075325677,0.019286230016998807,0.5919477965413357,0.1546407689434498,0.05397154270260851
431,1,0.4419378128674646,0.3129077633933536,0.33135482268965144,0.1869377944627284,0.5142168740294311,0.6904531385253789,0.09180134739129675,0.7489333562610668,0.21468009317656556,0.859695769765986
432,0,0.6143219684337425,0.7498038307651655,0.32569231691785605,0.08257809424447948,0.8776655080812317,0.9510176613867899,0.8642737060225179,0.047998202039689186,0.4755918842696678,0.242700205577977
433,0,0.5491168826537413,0.45124404056577216,0.9434477244432526,0.6612851801628662,0.943271801131092,0.5178996745996539,0.9484830337475532,0.8381935841260251,0.6361610678306442,0.9887928635783476
434,0,0.9710679127710683,0.5355548159746877,0.9564725251308159,0.6558393717341656,0.42885372779134245,0.4633477219129002,0.3838443201870809,0.7201092759405723,0.38254947455213395,0.576685281927555
435,1,0.2581442905029786,0.7126258895889986,0.310020090575747,0.44302964929559996,0.0572395603446193,0.13775297052388635,0.5335718823756221,0.36417381544804794,0.35672820288384266,0.8215735719821081
436,0,0.9847609616045785,0.37778532017181965,0.7428567626797206,0.6278927437845743,0.938109836168757,0.6960850843555144,0.16726407227408302,0.23919576907297202,0.15934286976219791,0.23730223640735848
437,0,0.20885464239979457,0.9336023878369917,0.0789924716234599,0.13322240052620904,0.04683835081513921,0.8419633156190975,0.369314293885157,0.4735866480243027,0.9881858977403757,0.4207244116904568
438,1,0.46301267588743955,0.42621718664675246,0.7172353709942741,0.23484221402209593,0.4257007235414668,0.5244642138842064,0.37944671043763356,0.47790399251424176,0.15492678186982867,3.3229640566789787E-4
439,0,0.7790033295266654,0.2807560419568047,0.9589616178611605,0.09583962926083678,0.44803595228008597,0.7832868184852819,0.8965302809721788,0.4310138497349867,0.9158504056005604,0.08331848018921739
440,0,0.8172197691139359,0.37583092817882924,0.8646936495673034,0.3110030542517157,0.29990747682305463,0.7464819640617262,0.7937384848934319,0.1786774284682746,0.5342920628650678,0.48536547647147343
441,0,0.12503558348781496,0.3191165899518338,0.669751165393029,0.9454506397609175,0.21738364829493584,0.7201072192065728,0.9099589690842875,0.11393461873870425,0.06420049189702037,0.7776013238795972
442,0,0.9779182346614725,0.541251963279371,0.4556815169835978,0.5826810242810293,0.5626300322401095,0.2430166249227702,0.27990641314501463,0.3338043036010746,0.40993660617082484,0.006042472054235026
443,0,0.31303501756184804,0.28044713837964375,0.7167951917684212,0.47436757663891305,0.930936611836544,0.9742341739663152,0.09881079224922928,0.5433597626749559,0.5679373779818796,0.8349911235850748
444,1,0.28953782632948655,0.7344584141435642,0.5516215824583611,0.37946167900775385,0.7735503145294761,0.4451760184589404,0.30108715226416527,0.7791866823049507,0.308499099375274,0.9237859306908797
445,1,0.45148859686960774,0.13211152982777774,0.3107668117018023,0.11084822632886082,0.5168267892757392,0.39226074028825886,0.9044022293331868,0.5010010902603268,0.320145659598182,0.2955764502615761
446,1,0.009650637281846786,0.04975901595745502,0.9071890693644415,0.9306800003522013,0.002383080593301501,0.40716972447975486,0.9505486228855402,0.015239113438624607,0.46629586028463255,0.3025345834081412
447,0,0.20471809579663358,0.8914580345751976,0.0886047543814038,0.3017216114002679,0.1911823615801499,0.7291025433732121,0.10059137213810965,0.09446710878741882,0.4869174994440686,0.6160037718960866
448,0,0.6324546528380455,0.2407101933028395,0.7035416287678374,0.8595356200361854,0.46901610853101383,0.9072422545780342,0.7567446501028157,0.791743908513129,0.4539380398204884,0.6627811351247236
449,1,0.7395471701407738,0.5592800420241085,0.2947252883913719,0.2021289471696187,0.5318848543910721,0.024584999221350934,0.4525023763711046,0.23472824447887386,0.629798786079925,0.9875517893565432
450,1,0.49124078321338394,0.26121173653162266,0.2691270926467938,0.6441798024213123,0.44955757549285325,0.03616749302785138,0.33624321085321474,0.2699657572091557,0.28006425590387307,0.09412106390206787
451,0,0.8905624964738275,0.14924100750306224,0.41797644535842005,0.26590736960517547,0.9675543476876418,0.5899061158085817,0.2631461790265308,0.9389495550524309,0.2447343305991615,0.6361131463993542
452,1,0.6826432791842932,0.044530077968934156,0.5579356278405085,0.9393689936578133,0.7976409728579285,0.6793010333901213,0.4823067997576479,0.7652597910591792,0.8870793502721488,0.34406128997649743
453,0,0.7500996931854576,0.6160465494206204,0.5082515464671967,0.37769035875389245,0.8908110867415137,0.05712839480796783,0.1465629268378411,0.6722376926929895,0.440489360051299,0.052253763600713765
454,0,0.37455865512893094,0.549126343127849,0.4183461418868548,0.8953036837126588,0.42988867569719624,0.19364073003465632,0.501921411027978,0.34086818526047025,0.07708624725755231,0.5049641773337551
455,0,0.07283284033056914,0.8928502518620423,0.3977293770538193,0.1853035095559591,0.2219082291056098,0.09329506828447243,0.429892382693822,0.1381767691707535,0.6623921123394233,0.16138022405392194
456,0,0.24849889576570428,0.8119274738856238,0.12065876308855916,0.07609685053009041,0.6471483677795675,0.4560885886272469,0.3998206172484088,0.8918587394302699,0.4100964376310834,0.6574749497703966
457,0,0.5521716087686789,0.13977759507495668,0.843977515873885,0.6581155169207652,0.24003800202393988,0.4166957786699669,0.5611843312062176,0.6851645544946048,0.8555029126217453,0.1278831599219965
458,1,0.2289751832855086,0.2203056483786744,0.1779242868895855,0.4453950603744622,0.4374788028999218,0.2284951607972906,0.2698032824874037,0.51883008265798,0.6482810286437398,0.8379836239264612
459,0,0.8853721330692205,0.6283003257707482,0.972512401849363,0.9665274891758494,0.24824836138004014,0.08385650150482327,0.1135655627896971,0.007587135724417271,0.4816509093687418,0.899691195355818
460,1,0.7667459628624743,0.0024728216838093564,0.7829476964009838,0.9614268398153788,0.7175190150016693,0.5307801858451333,0.6719297324527796,0.570709523977756,0.8174717956930883,0.7412487129094201
461,0,0.2985277521910098,0.7601177176599707,0.12013110631773105,0.9645415795526873,0.564812264944833,0.1863795401700472,0.21549786905964874,0.5344707334854378,0.7671979781425667,0.41343639540492017
462,0,0.32679954877687256,0.48462626731648106,0.1267629555536397,0.46622382974029153,0.49458499570922276,0.32464559856551667,0.5243609564073415,0.5556623604041687,0.7839463787339287,0.14829054616640602
463,0,0.8905626642530953,0.8414584902132546,0.4686158287625303,0.05809192167380495,0.7820661332173425,0.2003710336408312,0.8291036538393971,0.4456280549890709,0.294323729812596,0.3651291976258535
464,1,0.025079611327446183,0.722672879916255,0.0022359593424794433,0.6266941469938255,0.39641017529308475,0.7387578371548632,0.7162026382197887,0.26254405871297704,0.5303314381166216,0.5719873861944882
465,1,0.9170682215192935,0.6780528650531668,0.2278686556566195,0.8124215592031773,0.6014524453116978,0.6691972310446558,0.7985076942665934,0.6473845080175781,0.6256933602957969,0.8047448880287129
466,1,0.9816847325796784,0.9288479051836736,0.7206555642310309,0.27928854137668135,0.03057499658832452,0.9797256172168081,0.33099823685756613,0.4741042212155143,0.5027487446098032,4.0028489275256707E-4
467,0,0.13396199837901546,0.9840891021018425,0.39241347191680676,0.27355839854394526,0.039246830866135785,0.6311481348260459,0.2399812513462275,0.5767918436875707,0.7540692266656933,0.06116326162634478
468,0,0.2779113904560103,0.2954994284510818,0.37520745157999813,0.45698472632496456,0.6458246222866854,0.47519799976049304,0.7929016122029937,0.15767167368006585,0.5401212966505483,0.8446471595177755
469,1,0.470665545147984,0.5596574748151497,0.37942470830075314,0.902399738699443,0.02619729417788008,0.783635720723667,0.39372083165525695,0.7150744237045107,0.9333137558880226,0.8944172797971438
470,0,0.9187709642081734,0.4157783814502374,0.581284461198985,0.9685645455759383,0.5882303632160979,0.20713129866020907,0.3338268409509325,0.5150150251698599,0.9880355381619625,0.08173331891521185
471,1,0.59532352129899,0.29284398596207917,0.24869136278489345,0.5805101404769921,0.3809280015795775,0.4984981844724182,0.17274885061472955,0.12947754804122114,0.8183395882882986,0.49634555882608267
472,1,0.8585678400704837,0.4710771578610742,0.7444815376561983,0.9265288331334592,0.9176617607430827,0.2776853039342866,0.7312686582923609,0.08532943488421085,0.35648141311370274,0.6335313552294813
473,1,0.5833735333968513,0.5289977829847504,0.5763270815183644,0.903354486755572,0.23880910361396768,0.700996885094902,0.07372385810812954,0.41759366207739723,0.883124534461755,0.18882429376182297
474,1,0.659625381894255,0.7589359286250222,0.5784053639390919,0.6810915604170289,0.21549286385807087,0.7882015499375896,0.8611814778973012,0.051508366813776685,0.01855839016304972,0.766151847534314
475,0,0.15393459130360265,0.23400764007335118,0.7142376398836517,0.12990657843916464,0.8149016133095192,0.6013759242813851,0.8771517739562223,0.7527537950730865,0.38061989243746763,0.29567774858478224
476,1,0.43984860416995286,0.6086926415200458,0.7188819860562854,0.12922807997549468,0.4437601900668674,0.521703382847185,0.31683623437390895,0.6479378911031235,0.6717254341358294,0.8998977923710166
477,1,0.3390747113824326,0.9291007541268187,0.4409913826225418,0.8610173232761427,0.27585269476041696,0.78628393253055,0.899691607829128,0.5106585845603203,0.2547918827133465,0.8152990261802671
478,1,0.48170002072566487,0.332331814484056,0.6015385296020619,0.8072081807456397,0.21093498409079536,0.04297337916722266,0.6271744083365258,0.29255036635926734,0.4158089454281406,0.7927247690123658
479,0,0.46549154649544244,0.6624791676321664,0.4716010026923664,0.6031973349387977,0.04475145112425194,0.34131851082921016,0.9848150472089556,0.9797182545746596,0.8007889411277691,0.27434238358457275
480,0,0.7916616483941538,0.16340175999409146,0.2930020121930619,0.02705994341095963,0.5132863898086347,0.9881000574929983,0.8341678109710775,0.6696702136501926,0.5146695853147978,0.7100495617845409
481,0,0.6766949041044527,0.6526376618868238,0.30716521718008305,0.1594623893251217,0.5922018169930713,0.5845934067867867,0.16142936594366575,0.6537117218276717,0.30223844830457014,0.5837171959879285
482,0,0.5948587366791053,0.5130068545304834,0.7152199572813771,0.19150499607227334,0.32672514745150105,0.16787996743149292,0.42931346491774014,0.3391801584613877,0.8222244139425968,0.05691843140002428
483,1,0.900709673882742,0.47325106617599055,0.2646271316564255,0.06653089770339615,0.14478828474579875,0.36769649295535023,0.15608966031892435,0.6098648119219819,0.31047524216731337,0.34203952628402956
484,0,0.1836212474759329,0.09225597733461655,0.09446341898264699,0.09649293462118991,0.7921931400273119,0.6393868326219486,0.9967723830841108,0.057230972965919835,0.28628016990916827,0.5929704286188657
485,1,0.04679365832427407,0.7580231794452184,0.4107558673074817,0.22330785307873147,0.8087809955364258,0.5428413299276622,0.7525301981078428,0.5378462703707089,0.7403262663281109,0.6740811717516672
486,1,0.10343123173394331,0.39647108263966346,0.19380984749809083,0.7082786324307394,0.4618168079872558,0.8642084482615034,0.31478161057966114,0.5678593540835604,0.37293818354690755,0.5424509179339326
487,1,0.28679744399897866,0.35459519430023556,0.22363831164614567,0.39268881766032027,0.9424952968320905,0.2073196199804047,0.25089680661636427,0.5151283882250264,0.23743309202529195,0.5652952516401949
488,0,0.26424464694388694,0.989323950950418,0.2147306396505807,0.24335691927209302,0.9194362342979382,0.551050305722627,0.32781935427617626,0.13754060057020678,0.5934457219901219,0.4949512025461472
489,0,0.9859599530734794,0.25562477187477217,0.3939933312832735,0.9774392185500815,0.7243976517757176,0.7520395749314851,0.2802641449844595,0.7935436132851962,0.40290509285112375,0.7317910854536629
490,0,0.8812763560678418,0.026315135339716855,0.9186766971353116,0.4111599707743615,0.12180829726239528,0.48745566753636527,0.0333175148323116,0.6485009130148434,0.3810655757011412,0.6687245399352292
491,1,0.6266892253711036,0.23698923252170379,0.05693794092338966,0.9078312301004844,0.7417605701135196,0.059534696801125664,0.2545372601849817,0.8961460361757458,0.27560704464196806,0.9570089396290669
492,1,0.17706704851707655,0.7021707271404695,0.9675597036838163,0.4573860338491077,0.6743043730523631,0.9530906168144684,0.1389329554109655,0.47092539810267053,0.6479848546410615,0.17964843278081633
493,1,0.1019487736659126,0.2369746316575414,0.37972288987051805,0.9208349739485234,0.8799576158517268,0.5087543846968899,0.7642305778564312,0.17043318188605783,0.808462986928262,0.4417033922673458
494,1,0.1726444487542277,0.7212165757544471,0.92605931911623,0.583504674713029,0.5048092851964057,0.34838889321837574,0.37778141520154607,0.5885622501521717,0.5783946420469959,0.6357930347697167
495,1,0.14303923102540128,0.6988270289119879,0.2903324370289584,0.9731978371901083,0.4214060968703618,0.22569129966176504,0.013334408412773335,0.7144506035780267,0.33369244462131675,0.428004890862993
496,0,0.03608990398056855,0.1653088684207421,0.22223439114982524,0.36954978885570056,0.9183087529107681,0.0670463668221486,0.8251191168329949,0.25133064620425916,0.9267441429603301,0.028160800863931246
497,1,0.5534554049293208,0.43215687688781645,0.10158358106306165,0.8546585195541607,0.21020058083928184,0.3369572890638405,0.25054055437857736,0.32367878991399235,0.8543762374609446,0.03823541980133738
498,0,0.9895046201530421,0.3257009147927924,0.8549729404701334,0.2500562808592447,0.47225123414159353,0.733237505676503,0.10260705684388982,0.6864437512170429,0.2485818988119638,0.6390757654362968
499,0,0.9405613936326679,0.23310319054193385,0.7218250524026933,0.46864182434968205,0.1368101885602534,0.751429341472056,0.8581620199691851,0.8061166797047022,0.673273650807248,0.430892426042513
